modelo,tipo,ticker,experimento,lookback,test_f1_macro,test_f1_buy,test_f1_sell,test_f1_hold,test_f1_buy_sell_avg,test_signal_buy,test_signal_hold,test_signal_sell,cumul_return_test,return_vs_bh_test,sharpe_test,max_drawdown_test,win_rate_test,profit_factor_test
LR,por_ticker,AAPL,A,,0.3485,0.3032,0.2519,0.4902,0.2776,27.2,50.2,22.6,-0.0906,-0.5755,-0.2036,-0.3805,0.5301,0.9458
LR,por_ticker,NVDA,A,,0.3017,0.2893,0.0387,0.5771,0.164,18.0,79.6,2.4,0.4832,-2.4125,0.6379,-0.231,0.598,1.2619
LR,por_ticker,TSLA,A,,0.3815,0.3394,0.3089,0.4964,0.3241,35.6,42.4,22.0,0.514,-0.3153,0.3842,-0.5133,0.5139,1.0906
LR,por_ticker,AMZN,A,,0.3306,0.2392,0.1748,0.5778,0.207,12.2,76.6,11.2,-0.0013,-0.5522,-0.0031,-0.2195,0.5214,0.9989
LR,por_ticker,MSFT,A,,0.3301,0.3362,0.1347,0.5195,0.2355,41.2,50.2,8.6,0.0021,-0.3319,0.0058,-0.242,0.498,1.0015
LR,por_ticker,GOOGL,A,,0.3363,0.2789,0.178,0.552,0.2284,19.2,72.2,8.6,0.1379,-1.1507,0.3433,-0.193,0.554,1.1187
LR,por_ticker,META,A,,0.359,0.4091,0.2689,0.3989,0.339,51.0,32.2,16.8,1.0309,0.0943,1.1454,-0.2512,0.5369,1.2934
LR,global,GLOBAL,A,,0.3758,0.4237,0.248,0.4556,0.3359,49.7,37.1,13.3,286.9832,190.9515,1.1604,-0.5151,0.5629,1.3152
XGBoost,por_ticker,AAPL,A,,0.3806,0.3526,0.3228,0.4665,0.3377,34.2,38.6,27.2,0.5194,0.0345,0.8552,-0.2326,0.544,1.2348
XGBoost,por_ticker,NVDA,A,,0.3252,0.2889,0.1429,0.5438,0.2159,23.6,68.6,7.8,0.3621,-2.5335,0.4328,-0.2765,0.5223,1.141
XGBoost,por_ticker,TSLA,A,,0.3331,0.2727,0.2553,0.4714,0.264,22.4,51.0,26.6,-0.1775,-1.0068,-0.1999,-0.5569,0.5143,0.9505
XGBoost,por_ticker,AMZN,A,,0.3763,0.3146,0.3354,0.479,0.325,23.8,40.6,35.6,-0.0449,-0.5958,-0.0865,-0.3604,0.4949,0.9805
XGBoost,por_ticker,MSFT,A,,0.3521,0.37,0.2072,0.479,0.2886,46.8,38.8,14.4,0.1904,-0.1436,0.4512,-0.2308,0.5359,1.1101
XGBoost,por_ticker,GOOGL,A,,0.4107,0.3831,0.3258,0.5234,0.3544,30.6,46.2,23.2,0.0432,-1.2455,0.0883,-0.2213,0.5167,1.0208
XGBoost,por_ticker,META,A,,0.3967,0.4272,0.3429,0.4199,0.3851,36.4,31.4,32.2,1.7845,0.848,1.6516,-0.1841,0.5335,1.4445
XGBoost,global,GLOBAL,A,,0.3716,0.3591,0.2543,0.5016,0.3067,29.8,49.9,20.3,9.3633,-86.6684,0.5209,-0.5407,0.5288,1.15
LSTM,por_ticker,AAPL,A,20.0,0.3555,0.3297,0.2987,0.438,0.3142,28.3,37.3,34.4,-0.0217,-0.5166,-0.0472,-0.3531,0.495,0.9888
LSTM,por_ticker,NVDA,A,20.0,0.3399,0.0727,0.435,0.512,0.2539,4.6,46.0,49.4,-0.0967,-2.1465,-0.1251,-0.2708,0.471,0.9712
LSTM,por_ticker,TSLA,A,20.0,0.2881,0.0,0.3824,0.4819,0.1912,0.0,58.3,41.7,0.2503,-1.1761,0.2639,-0.3954,0.535,1.0719
LSTM,por_ticker,AMZN,A,20.0,0.332,0.4068,0.0881,0.5011,0.2474,44.0,52.9,3.1,0.4763,-0.022,0.856,-0.2823,0.5531,1.2424
LSTM,por_ticker,MSFT,A,20.0,0.374,0.2883,0.3048,0.5288,0.2966,18.8,56.0,25.2,0.0917,-0.1527,0.2808,-0.1209,0.5403,1.0787
LSTM,por_ticker,GOOGL,A,20.0,0.3414,0.3579,0.1488,0.5174,0.2534,28.3,56.9,14.8,-0.1071,-1.3642,-0.2881,-0.3217,0.4928,0.9306
LSTM,por_ticker,META,A,20.0,0.3679,0.3372,0.298,0.4685,0.3176,26.7,42.1,31.2,-0.2589,-0.9778,-0.5405,-0.451,0.4964,0.8786
LSTM,global,GLOBAL,A,20.0,0.3713,0.3539,0.2974,0.4627,0.3256,33.8,40.8,25.4,0.9993,-78.0169,0.1516,-0.6586,0.5093,1.0375
CNN,por_ticker,AAPL,A,20.0,0.3022,0.3929,0.0599,0.4539,0.2264,53.1,41.9,5.0,-0.0393,-0.5342,-0.0863,-0.3823,0.5233,0.9782
CNN,por_ticker,NVDA,A,20.0,0.2147,0.0654,0.0,0.5787,0.0327,2.1,97.9,0.0,0.1397,-1.9101,1.2588,-0.0205,0.6,5.3462
CNN,por_ticker,TSLA,A,20.0,0.3848,0.2544,0.3643,0.5356,0.3093,16.0,57.1,26.9,1.2195,-0.2068,0.8997,-0.3515,0.5291,1.2571
CNN,por_ticker,AMZN,A,20.0,0.1908,0.0,0.0,0.5723,0.0,0.4,99.6,0.0,-0.0262,-0.5244,-0.9341,-0.0262,0.0,0.0
CNN,por_ticker,MSFT,A,20.0,0.1961,0.0,0.0,0.5882,0.0,0.0,100.0,0.0,0.0,-0.2444,0.0,0.0,0.0,
CNN,por_ticker,GOOGL,A,20.0,0.2923,0.1294,0.2203,0.5271,0.1749,4.4,76.5,19.2,0.0519,-1.2052,0.1698,-0.2355,0.4425,1.0625
CNN,por_ticker,META,A,20.0,0.2762,0.3915,0.0,0.4372,0.1958,51.0,49.0,0.0,0.4655,-0.2534,0.7579,-0.28,0.5469,1.2163
CNN,global,GLOBAL,A,20.0,0.3325,0.2176,0.4259,0.3538,0.3218,16.5,25.8,57.7,0.5685,-78.4478,0.0945,-0.6645,0.4868,1.021
CNN-LSTM,por_ticker,AAPL,A,20.0,0.2596,0.0278,0.4177,0.3333,0.2227,1.5,24.6,74.0,-0.3053,-0.8002,-0.75,-0.421,0.442,0.8466
CNN-LSTM,por_ticker,NVDA,A,20.0,0.2888,0.0,0.4833,0.3831,0.2417,0.0,23.1,76.9,-0.1368,-2.1866,-0.1637,-0.3288,0.4878,0.9685
CNN-LSTM,por_ticker,TSLA,A,20.0,0.2227,0.0373,0.412,0.2189,0.2246,2.1,15.8,82.1,-0.6247,-2.051,-0.8793,-0.7062,0.4827,0.8497
CNN-LSTM,por_ticker,AMZN,A,20.0,0.1972,0.0759,0.4399,0.0758,0.2579,3.1,3.8,93.1,-0.2832,-0.7814,-0.5567,-0.342,0.4632,0.9041
CNN-LSTM,por_ticker,MSFT,A,20.0,0.1619,0.0278,0.4578,0.0,0.2428,2.5,0.0,97.5,-0.1866,-0.431,-0.4864,-0.3398,0.4542,0.916
CNN-LSTM,por_ticker,GOOGL,A,20.0,0.3373,0.2707,0.2179,0.5232,0.2443,16.7,59.8,23.5,-0.3136,-1.5707,-0.948,-0.3761,0.4197,0.7751
CNN-LSTM,por_ticker,META,A,20.0,0.202,0.0,0.4749,0.131,0.2375,0.0,7.1,92.9,-0.4178,-1.1367,-0.7729,-0.5102,0.4731,0.8575
CNN-LSTM,global,GLOBAL,A,20.0,0.2856,0.3154,0.4093,0.1321,0.3623,28.2,6.8,65.0,-0.7481,-79.7643,-0.2629,-0.8778,0.4938,0.9498
LSTM,por_ticker,AAPL,A,60.0,0.3189,0.1503,0.2661,0.5403,0.2082,10.7,61.8,27.5,-0.191,-0.7965,-0.5784,-0.2535,0.4464,0.8358
LSTM,por_ticker,NVDA,A,60.0,0.325,0.0432,0.3885,0.5433,0.2159,2.3,55.7,42.0,-0.2207,-1.2973,-0.3738,-0.4649,0.4564,0.9102
LSTM,por_ticker,TSLA,A,60.0,0.2796,0.0,0.3939,0.445,0.197,0.0,53.9,46.1,-0.0906,-1.6757,-0.119,-0.3652,0.5419,0.9703
LSTM,por_ticker,AMZN,A,60.0,0.3134,0.2946,0.1156,0.53,0.2051,20.7,70.7,8.6,0.0951,-0.194,0.2464,-0.2434,0.4961,1.0836
LSTM,por_ticker,MSFT,A,60.0,0.3057,0.3735,0.0276,0.5161,0.2005,48.4,50.0,1.6,0.1091,-0.0647,0.3555,-0.1157,0.5273,1.0907
LSTM,por_ticker,GOOGL,A,60.0,0.33,0.2642,0.1935,0.5322,0.2288,17.5,63.4,19.1,-0.1585,-1.2536,-0.5044,-0.2557,0.4596,0.8711
LSTM,por_ticker,META,A,60.0,0.3208,0.4098,0.2047,0.3478,0.3072,55.5,26.6,18.0,0.2482,-0.1313,0.3869,-0.3752,0.5015,1.0877
LSTM,global,GLOBAL,A,60.0,0.3353,0.397,0.2884,0.3205,0.3427,56.3,21.0,22.7,5.2618,-31.4324,0.3992,-0.5313,0.5257,1.0879
CNN,por_ticker,AAPL,A,60.0,0.2807,0.1384,0.1139,0.5897,0.1261,7.5,85.5,7.0,0.1259,-0.4796,0.426,-0.133,0.5312,1.2463
CNN,por_ticker,NVDA,A,60.0,0.1951,0.0,0.0,0.5852,0.0,0.0,100.0,0.0,0.0,-1.0766,0.0,0.0,0.0,
CNN,por_ticker,TSLA,A,60.0,0.3622,0.2908,0.3958,0.4,0.3433,32.0,32.5,35.5,0.8236,-0.7615,0.6207,-0.5653,0.5354,1.1346
CNN,por_ticker,AMZN,A,60.0,0.3579,0.3064,0.2661,0.5012,0.2862,23.2,58.0,18.9,0.2918,0.0027,0.6733,-0.1866,0.4973,1.1994
CNN,por_ticker,MSFT,A,60.0,0.1958,0.0,0.0,0.5875,0.0,0.0,100.0,0.0,0.0,-0.1738,0.0,0.0,0.0,
CNN,por_ticker,GOOGL,A,60.0,0.3103,0.2077,0.2047,0.5187,0.2062,10.9,70.5,18.6,-0.1117,-1.2068,-0.3956,-0.2181,0.4615,0.8834
CNN,por_ticker,META,A,60.0,0.2494,0.1807,0.0,0.5675,0.0904,10.0,90.0,0.0,0.2218,-0.1577,1.1188,-0.1128,0.5455,1.7907
CNN,global,GLOBAL,A,60.0,0.3605,0.3744,0.217,0.4902,0.2957,37.0,48.7,14.3,30.4347,-6.2595,0.8598,-0.4065,0.5335,1.2557
CNN-LSTM,por_ticker,AAPL,A,60.0,0.3064,0.4485,0.0,0.4706,0.2243,57.5,42.5,0.0,0.5994,-0.0061,1.1001,-0.2788,0.5889,1.3232
CNN-LSTM,por_ticker,NVDA,A,60.0,0.3381,0.0441,0.4494,0.5206,0.2468,1.6,46.8,51.6,0.3215,-0.7551,0.3733,-0.2738,0.4915,1.0926
CNN-LSTM,por_ticker,TSLA,A,60.0,0.3095,0.3683,0.2609,0.2993,0.3146,48.2,23.2,28.6,0.0515,-1.5335,0.0493,-0.5723,0.4882,1.0097
CNN-LSTM,por_ticker,AMZN,A,60.0,0.3413,0.1401,0.4154,0.4685,0.2778,5.5,36.6,58.0,0.0545,-0.2346,0.1126,-0.3097,0.4767,1.0249
CNN-LSTM,por_ticker,MSFT,A,60.0,0.2783,0.0165,0.4839,0.3346,0.2502,0.5,18.2,81.4,-0.0581,-0.2319,-0.16,-0.2301,0.4583,0.9685
CNN-LSTM,por_ticker,GOOGL,A,60.0,0.2367,0.2817,0.4283,0.0,0.355,17.7,0.0,82.3,-0.3277,-1.4229,-0.7459,-0.4626,0.4545,0.8788
CNN-LSTM,por_ticker,META,A,60.0,0.1574,0.0,0.4722,0.0,0.2361,0.0,0.0,100.0,-0.2751,-0.6547,-0.5245,-0.4579,0.4682,0.9077
CNN-LSTM,global,GLOBAL,A,60.0,0.2781,0.3165,0.4175,0.1005,0.367,30.3,5.3,64.4,0.1293,-36.5649,0.0252,-0.7847,0.494,1.0049
LR,por_ticker,AAPL,B,,0.3703,0.2987,0.3356,0.4767,0.3171,36.3,34.3,29.4,0.4357,0.3107,1.2246,-0.1262,0.5153,1.3467
LR,por_ticker,NVDA,B,,0.3847,0.2698,0.4615,0.4229,0.3657,23.4,22.6,54.0,1.1846,0.8283,1.668,-0.2191,0.5365,1.4072
LR,por_ticker,TSLA,B,,0.3346,0.4195,0.3827,0.2016,0.4011,54.8,8.5,36.7,3.1741,2.976,2.3876,-0.1382,0.5463,1.5374
LR,por_ticker,AMZN,B,,0.3395,0.4054,0.3043,0.3088,0.3549,60.5,15.3,24.2,0.0397,-0.0162,0.118,-0.2065,0.5286,1.0233
LR,por_ticker,MSFT,B,,0.3424,0.3497,0.1154,0.5622,0.2325,30.2,58.1,11.7,-0.1108,-0.284,-0.5844,-0.3084,0.4808,0.8449
LR,por_ticker,GOOGL,B,,0.3518,0.4615,0.3478,0.2462,0.4047,41.9,12.9,45.2,0.106,-0.5573,0.3245,-0.3013,0.5185,1.0612
LR,por_ticker,META,B,,0.3366,0.3778,0.3253,0.3067,0.3515,43.5,21.8,34.7,0.1647,0.0499,0.4339,-0.2969,0.4485,1.098
LR,global,GLOBAL,B,,0.3549,0.3698,0.3476,0.3472,0.3587,43.4,20.2,36.4,1.742,-1.4572,0.3773,-0.3661,0.5097,1.0831
XGBoost,por_ticker,AAPL,B,,0.3281,0.3043,0.2435,0.4365,0.2739,48.4,35.9,15.7,0.0665,-0.0584,0.2248,-0.2233,0.5031,1.0583
XGBoost,por_ticker,NVDA,B,,0.3464,0.3333,0.3121,0.3938,0.3227,37.9,29.8,32.3,0.3228,-0.0335,0.7006,-0.35,0.5115,1.1593
XGBoost,por_ticker,TSLA,B,,0.4135,0.443,0.3179,0.4796,0.3804,32.3,35.5,32.3,1.1488,0.9506,1.4074,-0.4251,0.5687,1.3524
XGBoost,por_ticker,AMZN,B,,0.3349,0.359,0.2313,0.4145,0.2951,33.9,38.3,27.8,0.0709,0.015,0.2381,-0.1667,0.5033,1.0567
XGBoost,por_ticker,MSFT,B,,0.3692,0.4306,0.25,0.4271,0.3403,30.6,35.1,34.3,0.3525,0.1793,1.382,-0.0894,0.5217,1.39
XGBoost,por_ticker,GOOGL,B,,0.3836,0.4304,0.2817,0.4388,0.356,32.3,39.5,28.2,0.2117,-0.4516,0.7271,-0.2365,0.5067,1.176
XGBoost,por_ticker,META,B,,0.37,0.349,0.375,0.386,0.362,31.0,30.2,38.7,0.2506,0.1358,0.6507,-0.1718,0.5029,1.1604
XGBoost,global,GLOBAL,B,,0.364,0.3877,0.3027,0.4016,0.3452,44.5,29.8,25.6,4.0248,0.8256,0.6259,-0.3193,0.532,1.1539
LSTM,por_ticker,AAPL,B,20.0,0.3223,0.2453,0.3459,0.3758,0.2956,20.6,28.1,51.3,-0.0284,-0.2315,-0.1056,-0.318,0.4634,0.9748
LSTM,por_ticker,NVDA,B,20.0,0.2494,0.3797,0.2857,0.0826,0.3327,77.2,2.6,20.2,0.2829,-0.3251,0.6115,-0.4195,0.5135,1.115
LSTM,por_ticker,TSLA,B,20.0,0.3458,0.3511,0.3415,0.3448,0.3463,54.4,19.7,25.9,0.7187,0.5343,0.9963,-0.3092,0.4973,1.2109
LSTM,por_ticker,AMZN,B,20.0,0.3538,0.4106,0.1395,0.5114,0.2751,38.2,56.6,5.3,0.2706,0.2912,0.9758,-0.2275,0.5253,1.3
LSTM,por_ticker,MSFT,B,20.0,0.3722,0.2051,0.48,0.4314,0.3426,7.0,23.7,69.3,0.2442,0.0491,1.1013,-0.2036,0.5,1.2671
LSTM,por_ticker,GOOGL,B,20.0,0.4004,0.4082,0.2261,0.567,0.3171,34.2,43.9,21.9,-0.1151,-0.6809,-0.4914,-0.2603,0.5,0.8958
LSTM,por_ticker,META,B,20.0,0.3345,0.2667,0.2911,0.4456,0.2789,18.4,45.2,36.4,0.1885,0.2306,0.5551,-0.1758,0.496,1.1548
LSTM,global,GLOBAL,B,20.0,0.399,0.3081,0.3586,0.5302,0.3333,20.3,45.9,33.8,5.8417,2.8196,0.8868,-0.3424,0.5075,1.2506
CNN,por_ticker,AAPL,B,20.0,0.2844,0.1714,0.0759,0.6059,0.1237,4.8,90.4,4.8,0.1373,-0.0658,0.7362,-0.0995,0.5455,1.593
CNN,por_ticker,NVDA,B,20.0,0.3875,0.2,0.3742,0.5882,0.2871,8.3,46.5,45.2,0.1031,-0.5049,0.2696,-0.2001,0.5,1.0661
CNN,por_ticker,TSLA,B,20.0,0.3546,0.3387,0.1143,0.6107,0.2265,26.3,71.1,2.6,0.3418,0.1574,0.7133,-0.2427,0.5455,1.2558
CNN,por_ticker,AMZN,B,20.0,0.2888,0.3134,0.0267,0.5263,0.17,30.7,68.9,0.4,0.1032,0.1238,0.4496,-0.1901,0.507,1.1598
CNN,por_ticker,MSFT,B,20.0,0.2854,0.2752,0.0,0.5809,0.1376,20.6,75.9,3.5,0.0394,-0.1557,0.2379,-0.1173,0.4545,1.0974
CNN,por_ticker,GOOGL,B,20.0,0.3297,0.3636,0.0,0.6255,0.1818,27.6,72.4,0.0,-0.06,-0.6257,-0.3252,-0.2035,0.4762,0.9043
CNN,por_ticker,META,B,20.0,0.3847,0.2745,0.3922,0.4876,0.3333,17.1,48.7,34.2,0.8288,0.871,2.2068,-0.1726,0.5641,1.7729
CNN,global,GLOBAL,B,20.0,0.353,0.1871,0.2854,0.5865,0.2362,11.2,68.4,20.5,-0.5012,-3.5233,-0.3665,-0.6219,0.497,0.8861
CNN-LSTM,por_ticker,AAPL,B,20.0,0.3699,0.3419,0.2222,0.5455,0.2821,25.4,57.0,17.5,0.0341,-0.169,0.147,-0.1446,0.5102,1.0456
CNN-LSTM,por_ticker,NVDA,B,20.0,0.3366,0.0588,0.315,0.636,0.1869,3.1,64.0,32.9,-0.1673,-0.7753,-0.6093,-0.2796,0.4512,0.8349
CNN-LSTM,por_ticker,TSLA,B,20.0,0.3998,0.2479,0.3937,0.5577,0.3208,25.0,47.4,27.6,0.0114,-0.173,0.023,-0.4144,0.4833,1.0055
CNN-LSTM,por_ticker,AMZN,B,20.0,0.393,0.4032,0.2128,0.563,0.308,26.3,64.9,8.8,0.6669,0.6875,2.1927,-0.1244,0.55,1.9372
CNN-LSTM,por_ticker,MSFT,B,20.0,0.3614,0.169,0.3529,0.5622,0.261,3.9,65.8,30.3,0.3592,0.1642,2.0241,-0.0585,0.5,1.9323
CNN-LSTM,por_ticker,GOOGL,B,20.0,0.3786,0.3916,0.1235,0.6207,0.2575,32.5,60.5,7.0,0.0041,-0.5617,0.0187,-0.228,0.5111,1.0049
CNN-LSTM,por_ticker,META,B,20.0,0.3712,0.3415,0.172,0.6,0.2568,26.3,65.8,7.9,0.0115,0.0537,0.0405,-0.274,0.5128,1.0124
CNN-LSTM,global,GLOBAL,B,20.0,0.3625,0.3202,0.1805,0.5868,0.2503,18.5,68.3,13.2,1.2232,-1.7989,0.4266,-0.3369,0.4862,1.1508
LSTM,por_ticker,AAPL,B,60.0,0.3065,0.4286,0.0,0.491,0.2143,58.0,42.0,0.0,0.281,0.0533,1.0779,-0.2299,0.6147,1.3429
LSTM,por_ticker,NVDA,B,60.0,0.3331,0.0,0.3676,0.6316,0.1838,0.0,49.5,50.5,-0.2928,-0.9957,-1.2454,-0.4428,0.4421,0.7318
LSTM,por_ticker,TSLA,B,60.0,0.1771,0.4292,0.0,0.102,0.2146,96.8,3.2,0.0,0.752,0.0593,1.2629,-0.2155,0.5495,1.2495
LSTM,por_ticker,AMZN,B,60.0,0.2597,0.4615,0.2,0.1176,0.3308,89.4,2.7,8.0,0.2652,0.0552,0.8796,-0.1464,0.5683,1.1805
LSTM,por_ticker,MSFT,B,60.0,0.343,0.0351,0.4485,0.5455,0.2418,1.6,37.8,60.6,0.034,-0.2484,0.2115,-0.2059,0.4872,1.0535
LSTM,por_ticker,GOOGL,B,60.0,0.3432,0.3111,0.2838,0.4348,0.2974,17.0,29.8,53.2,-0.188,-1.1917,-1.0056,-0.3849,0.4318,0.8147
LSTM,por_ticker,META,B,60.0,0.334,0.367,0.18,0.4551,0.2735,31.4,46.8,21.8,0.3418,0.2028,1.1321,-0.1643,0.54,1.3737
LSTM,global,GLOBAL,B,60.0,0.3888,0.3556,0.2513,0.5597,0.3034,27.3,54.3,18.5,6.3988,-5.1332,1.2295,-0.2834,0.5316,1.4216
CNN,por_ticker,AAPL,B,60.0,0.2404,0.0816,0.0,0.6397,0.0408,2.1,97.9,0.0,0.0165,-0.2112,0.3028,-0.0424,0.5,1.3631
CNN,por_ticker,NVDA,B,60.0,0.1194,0.0,0.3581,0.0,0.179,0.0,0.0,100.0,-0.4128,-1.1157,-1.6923,-0.5445,0.4521,0.7374
CNN,por_ticker,TSLA,B,60.0,0.2938,0.3433,0.0,0.5381,0.1716,44.1,55.9,0.0,0.177,-0.5157,0.5654,-0.2155,0.5663,1.1518
CNN,por_ticker,AMZN,B,60.0,0.3416,0.3478,0.2391,0.4379,0.2935,33.0,47.3,19.7,0.4061,0.1961,1.815,-0.1244,0.4848,1.5926
CNN,por_ticker,MSFT,B,60.0,0.2405,0.0656,0.0377,0.6183,0.0517,3.7,95.2,1.1,0.0537,-0.2286,0.5612,-0.0326,0.3333,1.6508
CNN,por_ticker,GOOGL,B,60.0,0.4074,0.4132,0.2982,0.5106,0.3557,33.5,31.4,35.1,-0.1031,-1.1068,-0.5194,-0.2686,0.4651,0.9002
CNN,por_ticker,META,B,60.0,0.3263,0.4295,0.0645,0.4848,0.247,52.7,45.7,1.6,0.7168,0.5778,2.3594,-0.1726,0.5294,1.8616
CNN,global,GLOBAL,B,60.0,0.3584,0.3036,0.2109,0.5609,0.2572,21.1,61.1,17.8,0.567,-10.9649,0.2839,-0.3855,0.5,1.0934
CNN-LSTM,por_ticker,AAPL,B,60.0,0.3394,0.416,0.0351,0.567,0.2255,42.6,56.4,1.1,0.3913,0.1636,1.7224,-0.0847,0.5732,1.7319
CNN-LSTM,por_ticker,NVDA,B,60.0,0.2545,0.1,0.3511,0.3125,0.2255,5.3,16.5,78.2,-0.3187,-1.0216,-1.2638,-0.5328,0.4459,0.7793
CNN-LSTM,por_ticker,TSLA,B,60.0,0.1423,0.4268,0.0,0.0,0.2134,100.0,0.0,0.0,0.6927,0.0,1.1823,-0.2155,0.5372,1.2284
CNN-LSTM,por_ticker,AMZN,B,60.0,0.3494,0.268,0.283,0.4971,0.2755,23.4,49.5,27.1,0.1321,-0.0779,0.5474,-0.2552,0.4632,1.1542
CNN-LSTM,por_ticker,MSFT,B,60.0,0.3391,0.1587,0.313,0.5455,0.2359,4.8,61.2,34.0,0.0945,-0.1878,0.6256,-0.2106,0.5342,1.2265
CNN-LSTM,por_ticker,GOOGL,B,60.0,0.3388,0.3738,0.0,0.6425,0.1869,26.1,73.9,0.0,0.1545,-0.8491,0.9286,-0.0786,0.5102,1.3618
CNN-LSTM,por_ticker,META,B,60.0,0.3354,0.3238,0.137,0.5455,0.2304,29.3,63.3,7.4,0.1736,0.0346,0.6982,-0.1726,0.4928,1.2483
CNN-LSTM,global,GLOBAL,B,60.0,0.3525,0.2928,0.2305,0.534,0.2617,18.2,55.9,25.8,0.3999,-11.1321,0.2132,-0.4683,0.4828,1.065
LR,por_ticker,AAPL,C,,0.3622,0.2958,0.4,0.3908,0.3479,31.5,26.6,41.9,0.6327,0.5077,1.6477,-0.1352,0.489,1.4677
LR,por_ticker,NVDA,C,,0.3793,0.2941,0.3438,0.5,0.3189,27.4,45.6,27.0,0.3169,-0.0394,0.6489,-0.1983,0.5556,1.1761
LR,por_ticker,TSLA,C,,0.3769,0.42,0.4129,0.2979,0.4165,52.8,13.3,33.9,2.3008,2.1026,2.0002,-0.2155,0.5535,1.445
LR,por_ticker,AMZN,C,,0.3661,0.4327,0.3444,0.3212,0.3885,54.8,15.7,29.4,0.4992,0.4433,1.2243,-0.1517,0.5455,1.2675
LR,por_ticker,MSFT,C,,0.365,0.3333,0.2564,0.5053,0.2949,33.1,34.3,32.7,-0.2313,-0.4045,-1.1989,-0.3972,0.411,0.7573
LR,por_ticker,GOOGL,C,,0.3087,0.4585,0.3934,0.0741,0.426,51.2,4.0,44.8,0.6172,-0.0461,1.5321,-0.1966,0.5462,1.3097
LR,por_ticker,META,C,,0.3046,0.402,0.2564,0.2553,0.3292,51.2,18.1,30.6,0.0943,-0.0205,0.2629,-0.3929,0.4433,1.0555
LR,global,GLOBAL,C,,0.3509,0.3766,0.3425,0.3336,0.3595,43.6,20.7,35.7,3.5989,0.3997,0.5715,-0.4154,0.52,1.1295
XGBoost,por_ticker,AAPL,C,,0.3507,0.3468,0.2393,0.466,0.2931,44.0,39.5,16.5,-0.1421,-0.267,-0.5241,-0.3184,0.5467,0.8746
XGBoost,por_ticker,NVDA,C,,0.3363,0.3158,0.2556,0.4375,0.2857,41.5,29.4,29.0,-0.1566,-0.5129,-0.3761,-0.3462,0.52,0.9215
XGBoost,por_ticker,TSLA,C,,0.3426,0.4121,0.2822,0.3333,0.3472,38.7,24.2,37.1,0.6039,0.4058,0.8447,-0.372,0.5213,1.1852
XGBoost,por_ticker,AMZN,C,,0.3437,0.3576,0.2378,0.4356,0.2977,31.9,41.9,26.2,0.0143,-0.0416,0.0503,-0.2018,0.5,1.012
XGBoost,por_ticker,MSFT,C,,0.3615,0.3803,0.3043,0.4,0.3423,29.8,26.2,44.0,-0.0293,-0.2025,-0.1341,-0.2777,0.4809,0.9711
XGBoost,por_ticker,GOOGL,C,,0.3611,0.3774,0.2937,0.4124,0.3355,32.7,38.7,28.6,-0.0057,-0.6691,-0.0221,-0.2484,0.5132,0.9951
XGBoost,por_ticker,META,C,,0.3421,0.3804,0.2716,0.3743,0.326,36.7,30.2,33.1,-0.0058,-0.1206,-0.0169,-0.357,0.4162,0.9962
XGBoost,global,GLOBAL,C,,0.335,0.3997,0.2839,0.3214,0.3418,46.1,20.6,33.4,0.396,-2.8031,0.1248,-0.4316,0.4931,1.027
LSTM,por_ticker,AAPL,C,20.0,0.2828,0.4484,0.0,0.4,0.2242,71.9,28.1,0.0,0.2565,0.0535,0.8316,-0.2932,0.5732,1.2202
LSTM,por_ticker,NVDA,C,20.0,0.2851,0.0,0.4107,0.4444,0.2054,0.0,24.6,75.4,-0.2233,-0.8313,-0.6497,-0.4311,0.4651,0.8778
LSTM,por_ticker,TSLA,C,20.0,0.3257,0.4192,0.2222,0.3358,0.3207,72.4,16.2,11.4,0.4477,0.2633,0.6657,-0.284,0.5131,1.1323
LSTM,por_ticker,AMZN,C,20.0,0.3433,0.4088,0.1778,0.4432,0.2933,51.3,41.7,7.0,0.312,0.3326,1.0565,-0.2194,0.5263,1.2761
LSTM,por_ticker,MSFT,C,20.0,0.4222,0.2826,0.4359,0.5481,0.3593,13.2,47.8,39.0,0.3303,0.1353,1.565,-0.1577,0.479,1.505
LSTM,por_ticker,GOOGL,C,20.0,0.412,0.4571,0.2617,0.5172,0.3594,46.5,35.1,18.4,0.1647,-0.401,0.5934,-0.2231,0.527,1.1314
LSTM,por_ticker,META,C,20.0,0.3622,0.2444,0.3892,0.453,0.3168,11.8,39.9,48.2,0.3025,0.3446,0.8177,-0.1964,0.4964,1.2235
LSTM,global,GLOBAL,C,20.0,0.3626,0.401,0.2353,0.4515,0.3181,48.9,32.3,18.8,0.7539,-2.2682,0.24,-0.531,0.5065,1.0556
CNN,por_ticker,AAPL,C,20.0,0.2047,0.0,0.0,0.614,0.0,0.0,100.0,0.0,0.0,-0.2031,0.0,0.0,0.0,
CNN,por_ticker,NVDA,C,20.0,0.2926,0.0,0.3944,0.4835,0.1972,0.0,29.4,70.6,-0.2435,-0.8515,-0.7288,-0.4459,0.4596,0.8598
CNN,por_ticker,TSLA,C,20.0,0.2033,0.0,0.0,0.6098,0.0,0.0,100.0,0.0,0.0,-0.1844,0.0,0.0,0.0,
CNN,por_ticker,AMZN,C,20.0,0.293,0.2574,0.0741,0.5474,0.1657,16.2,80.7,3.1,0.2793,0.2999,1.4468,-0.0584,0.5682,1.8995
CNN,por_ticker,MSFT,C,20.0,0.3773,0.2828,0.2581,0.5909,0.2704,16.2,72.4,11.4,0.36,0.1649,1.8816,-0.0803,0.5079,2.0083
CNN,por_ticker,GOOGL,C,20.0,0.3677,0.3193,0.1935,0.5902,0.2564,21.9,65.8,12.3,-0.1163,-0.682,-0.6631,-0.1742,0.4872,0.8316
CNN,por_ticker,META,C,20.0,0.3244,0.0606,0.4433,0.4694,0.252,1.3,46.5,52.2,0.5093,0.5514,1.3765,-0.1882,0.5082,1.4322
CNN,global,GLOBAL,C,20.0,0.3773,0.301,0.3103,0.5205,0.3057,20.2,50.0,29.8,1.3553,-1.6668,0.3939,-0.4118,0.5125,1.1094
CNN-LSTM,por_ticker,AAPL,C,20.0,0.2811,0.2381,0.0,0.6053,0.119,11.0,89.0,0.0,0.2573,0.0542,1.284,-0.08,0.68,2.2185
CNN-LSTM,por_ticker,NVDA,C,20.0,0.1238,0.0,0.3714,0.0,0.1857,0.0,0.0,100.0,-0.3781,-0.9861,-1.1659,-0.5445,0.4561,0.8141
CNN-LSTM,por_ticker,TSLA,C,20.0,0.3947,0.3886,0.3876,0.4079,0.3881,48.7,22.8,28.5,0.4143,0.2299,0.6443,-0.4064,0.5057,1.1331
CNN-LSTM,por_ticker,AMZN,C,20.0,0.3904,0.3276,0.314,0.5297,0.3208,22.8,56.6,20.6,0.7605,0.7811,2.3328,-0.1244,0.5253,1.8828
CNN-LSTM,por_ticker,MSFT,C,20.0,0.3838,0.3279,0.3111,0.5126,0.3195,26.3,43.9,29.8,0.0341,-0.1609,0.1818,-0.2023,0.4531,1.0473
CNN-LSTM,por_ticker,GOOGL,C,20.0,0.3507,0.4321,0.0,0.6201,0.216,40.8,59.2,0.0,-0.0013,-0.5671,-0.0062,-0.1972,0.4839,0.9984
CNN-LSTM,por_ticker,META,C,20.0,0.3013,0.304,0.4259,0.1739,0.365,27.2,11.0,61.8,0.6218,0.664,1.4297,-0.2254,0.5074,1.3382
CNN-LSTM,global,GLOBAL,C,20.0,0.3742,0.3325,0.2473,0.5428,0.2899,21.3,55.6,23.1,1.2806,-1.7416,0.4087,-0.5637,0.5014,1.1206
LSTM,por_ticker,AAPL,C,60.0,0.1567,0.3791,0.0,0.0909,0.1896,88.3,11.7,0.0,0.3149,0.0872,1.1421,-0.2299,0.5602,1.3022
LSTM,por_ticker,NVDA,C,60.0,0.3122,0.0755,0.3955,0.4658,0.2355,1.6,26.1,72.3,-0.0377,-0.7406,-0.1288,-0.4407,0.4604,0.9736
LSTM,por_ticker,TSLA,C,60.0,0.1423,0.4268,0.0,0.0,0.2134,100.0,0.0,0.0,0.6927,0.0,1.1823,-0.2155,0.5372,1.2284
LSTM,por_ticker,AMZN,C,60.0,0.3075,0.4278,0.3146,0.18,0.3712,71.3,10.6,18.1,0.6292,0.4191,1.9436,-0.1464,0.5476,1.4655
LSTM,por_ticker,MSFT,C,60.0,0.3446,0.2857,0.2698,0.4783,0.2778,30.9,29.3,39.9,-0.0536,-0.336,-0.337,-0.1894,0.391,0.9251
LSTM,por_ticker,GOOGL,C,60.0,0.4083,0.4505,0.3065,0.4681,0.3785,28.2,31.4,40.4,0.1269,-0.8767,0.5841,-0.246,0.5116,1.1278
LSTM,por_ticker,META,C,60.0,0.3365,0.3232,0.3893,0.2969,0.3562,26.1,26.1,47.9,0.7994,0.6603,2.2196,-0.1209,0.5468,1.7114
LSTM,global,GLOBAL,C,60.0,0.3436,0.3833,0.233,0.4147,0.3081,43.5,33.1,23.3,2.7394,-8.7925,0.7155,-0.5295,0.5125,1.1816
CNN,por_ticker,AAPL,C,60.0,0.3128,0.2951,0.0,0.6434,0.1475,8.5,90.4,1.1,0.2895,0.0618,1.6377,-0.0462,0.6667,3.0427
CNN,por_ticker,NVDA,C,60.0,0.1256,0.0,0.3571,0.0196,0.1786,0.0,2.7,97.3,-0.386,-1.0889,-1.5648,-0.5238,0.4536,0.7501
CNN,por_ticker,TSLA,C,60.0,0.219,0.0,0.0,0.6571,0.0,0.0,100.0,0.0,0.0,-0.6927,0.0,0.0,0.0,
CNN,por_ticker,AMZN,C,60.0,0.199,0.0,0.0,0.597,0.0,0.0,100.0,0.0,0.0,-0.21,0.0,0.0,0.0,
CNN,por_ticker,MSFT,C,60.0,0.2099,0.0,0.0615,0.5681,0.0308,0.0,92.6,7.4,-0.0018,-0.2841,-0.0757,-0.0208,0.4286,0.9505
CNN,por_ticker,GOOGL,C,60.0,0.2138,0.0323,0.0,0.609,0.0161,2.1,97.9,0.0,0.0412,-0.9625,0.4633,-0.0371,0.25,1.7746
CNN,por_ticker,META,C,60.0,0.3386,0.2903,0.406,0.3193,0.3482,39.4,21.3,39.4,0.0471,-0.0919,0.164,-0.2927,0.4797,1.0377
CNN,global,GLOBAL,C,60.0,0.3235,0.3607,0.2578,0.352,0.3092,42.9,30.3,26.7,2.2737,-9.2582,0.6545,-0.3946,0.5136,1.1661
CNN-LSTM,por_ticker,AAPL,C,60.0,0.3241,0.4028,0.2909,0.2787,0.3468,52.7,18.1,29.3,0.1252,-0.1025,0.4944,-0.2299,0.539,1.124
CNN-LSTM,por_ticker,NVDA,C,60.0,0.1194,0.0,0.3581,0.0,0.179,0.0,0.0,100.0,-0.4128,-1.1157,-1.6923,-0.5445,0.4521,0.7374
CNN-LSTM,por_ticker,TSLA,C,60.0,0.3436,0.4085,0.1194,0.503,0.2639,48.4,39.9,11.7,0.0566,-0.6361,0.1435,-0.2479,0.4867,1.0328
CNN-LSTM,por_ticker,AMZN,C,60.0,0.1509,0.0,0.4527,0.0,0.2263,0.0,0.0,100.0,-0.1736,-0.3836,-0.7123,-0.3413,0.4521,0.8748
CNN-LSTM,por_ticker,MSFT,C,60.0,0.1423,0.0,0.4268,0.0,0.2134,0.0,0.0,100.0,-0.2202,-0.5025,-1.4282,-0.3482,0.4468,0.7561
CNN-LSTM,por_ticker,GOOGL,C,60.0,0.3456,0.416,0.0,0.6207,0.208,35.6,64.4,0.0,0.1653,-0.8384,0.9321,-0.0786,0.5075,1.3072
CNN-LSTM,por_ticker,META,C,60.0,0.3372,0.3448,0.4,0.2667,0.3724,35.1,13.8,51.1,0.1002,-0.0388,0.3344,-0.2248,0.5062,1.0739
CNN-LSTM,global,GLOBAL,C,60.0,0.3397,0.343,0.3482,0.3278,0.3456,30.2,23.4,46.4,4.4854,-7.0465,0.8991,-0.5541,0.5,1.2194
