number,value,datetime_start,datetime_complete,duration,params_colsample_bytree,params_gamma,params_learning_rate,params_max_depth,params_min_child_weight,params_n_estimators,params_reg_alpha,params_reg_lambda,params_subsample,state
0,0.3627772973687849,2026-08-15 00:17:51.473709,2026-08-15 00:17:57.299169,0 days 00:00:05.825460,0.40921304830970556,0.17425083650459838,0.1001303991139125,10,3,393,4.330880728874676,4.848808592771349,0.7993292420985183,COMPLETE
1,0.36573984923095354,2026-08-15 00:17:57.308238,2026-08-15 00:17:59.730232,0 days 00:00:02.421994,0.44863737747479326,0.5502135295603015,0.2652261985899886,2,3,610,1.5212112147976886,4.245575809894679,0.9162213204002109,COMPLETE
2,0.35514087868708133,2026-08-15 00:17:59.738250,2026-08-15 00:18:02.185415,0 days 00:00:02.447165,0.5045012539746527,1.3682099526511078,0.061226156060280326,4,6,431,3.925879806965068,1.6774228790510421,0.569746930326021,COMPLETE
3,0.3723296209790557,2026-08-15 00:18:02.193558,2026-08-15 00:18:06.188597,0 days 00:00:03.995039,0.41936688658110405,2.84665661176,0.006047360568422396,7,1,484,4.828160165372797,6.486339050120043,0.8037724259507192,COMPLETE
4,0.34893271613055904,2026-08-15 00:18:06.196024,2026-08-15 00:18:07.614014,0 days 00:00:01.417990,0.38542676439134516,0.10316556334565519,0.08234548958371457,2,8,348,4.546602010393911,2.1443618546401337,0.7200762468698007,COMPLETE
5,0.3572278572170365,2026-08-15 00:18:07.621152,2026-08-15 00:18:10.111583,0 days 00:00:02.490431,0.42939811886786894,2.3253984700833437,0.04204647637909148,4,15,581,4.697494707820946,7.1691360683784255,0.7733551396716398,COMPLETE
6,0.36594678640539063,2026-08-15 00:18:10.119679,2026-08-15 00:18:18.437940,0 days 00:00:08.318261,0.33165910223737666,1.166031869068446,0.007183284336890004,10,5,539,1.3567451588694794,6.647026322300242,0.5979914312095727,COMPLETE
7,0.36860405117209966,2026-08-15 00:18:18.445854,2026-08-15 00:18:20.263934,0 days 00:00:01.818080,0.8615378865278278,2.960660809801552,0.04612811663739071,4,2,382,3.861223846483287,1.6698538841199622,0.5704621124873813,COMPLETE
8,0.3613017206150566,2026-08-15 00:18:20.271955,2026-08-15 00:18:21.967424,0 days 00:00:01.695469,0.8398892426801621,1.0753971856328177,0.09033775094656361,9,2,153,0.5793452976256486,6.9185170644171885,0.8645035840204937,COMPLETE
9,0.3607596269257977,2026-08-15 00:18:21.975874,2026-08-15 00:18:24.377537,0 days 00:00:02.401663,0.5276283254187228,1.9126724140656393,0.006486140685631152,4,11,555,4.436063712881633,3.8304979087793996,0.6554911608578311,COMPLETE
10,0.357174182452581,2026-08-15 00:18:24.385745,2026-08-15 00:18:25.646290,0 days 00:00:01.260545,0.8396770259681927,1.568198488145982,0.11265770241195591,8,8,227,2.137705091792748,0.300811101278352,0.7806385987847482,COMPLETE
11,0.3542221013462637,2026-08-15 00:18:25.653912,2026-08-15 00:18:26.300002,0 days 00:00:00.646090,0.6559994838152918,0.7478766874466248,0.0677023857369087,2,14,220,2.0519146151781484,6.068853994490085,0.6571779905381634,COMPLETE
12,0.35770254585749645,2026-08-15 00:18:26.307029,2026-08-15 00:18:27.145105,0 days 00:00:00.838076,0.950788356639801,1.9002112695312703,0.016375399825825587,2,13,298,4.357302950938589,6.449009407503004,0.5806106436270022,COMPLETE
13,0.37792415814388436,2026-08-15 00:18:27.152908,2026-08-15 00:18:32.598649,0 days 00:00:05.445741,0.9272639099464453,0.3301557735830303,0.04549902457423108,10,5,271,1.1396758127097084,3.474151530147425,0.9037200775820313,COMPLETE
14,0.3707793168531785,2026-08-15 00:18:32.605625,2026-08-15 00:18:44.568358,0 days 00:00:11.962733,0.5921877022041453,0.3595961020010484,0.005144367003206811,9,4,682,1.6880758570181398,7.548986660908901,0.7553736512887829,COMPLETE
15,0.36760170191180613,2026-08-15 00:18:44.576200,2026-08-15 00:18:47.129831,0 days 00:00:02.553631,0.9802474579046725,0.7553468874760925,0.08892913031456844,6,15,360,2.4862425294619275,2.4769386475524806,0.681814801189647,COMPLETE
16,0.35993579316034224,2026-08-15 00:18:47.137902,2026-08-15 00:18:47.975300,0 days 00:00:00.837398,0.3360351258749925,2.724797657899961,0.06065513686005506,2,5,335,1.197809453334862,1.2446694895206625,0.7513395116144308,COMPLETE
17,0.37456835001125127,2026-08-15 00:18:47.983228,2026-08-15 00:18:52.517780,0 days 00:00:04.534552,0.8331337307301023,2.1846490458355787,0.013470412278317549,10,4,468,1.838915663596266,5.095216061689277,0.8360677737029393,COMPLETE
18,0.37211126980395653,2026-08-15 00:18:52.525814,2026-08-15 00:18:56.877727,0 days 00:00:04.351913,0.5245460454802151,0.12232542466429175,0.007236338464200444,6,3,562,2.954464715941209,5.4527584585540305,0.917651247794619,COMPLETE
19,0.36045382829972133,2026-08-15 00:18:56.892665,2026-08-15 00:18:58.077398,0 days 00:00:01.184733,0.422056500303494,1.1602060389016122,0.01263903016069741,6,11,160,4.6836499436836725,1.1864154587533469,0.822586395204725,COMPLETE
20,0.35589602903046874,2026-08-15 00:18:58.094389,2026-08-15 00:18:58.886273,0 days 00:00:00.791884,0.4805591394006089,2.4516666006036476,0.22040179028906517,3,10,372,2.7760040579973118,4.284239569012451,0.9386696766904905,COMPLETE
21,0.37480978696594386,2026-08-15 00:18:58.898637,2026-08-15 00:18:59.676402,0 days 00:00:00.777765,0.7431710200912875,1.0476287238379827,0.1969497011745638,2,6,307,3.629778394351197,7.187171053625359,0.9502090285816652,COMPLETE
22,0.36791602879074753,2026-08-15 00:18:59.684224,2026-08-15 00:19:03.119623,0 days 00:00:03.435399,0.4131400998662296,1.8192871789787697,0.06927864402258826,9,14,727,0.04598525808314824,0.9016251886416536,0.5420699824975244,COMPLETE
23,0.35129805229486033,2026-08-15 00:19:03.126750,2026-08-15 00:19:04.596393,0 days 00:00:01.469643,0.7843266383848853,0.6728079283816794,0.009658530198821904,2,10,581,3.560896106737679,1.9742677912247206,0.7743668946832931,COMPLETE
24,0.3666388776500072,2026-08-15 00:19:04.603382,2026-08-15 00:19:08.297718,0 days 00:00:03.694336,0.7603290246102403,0.2810243034842774,0.07146864628931275,8,9,361,1.8385790152971677,2.1950987046856314,0.924611705247089,COMPLETE
25,0.3651420702761205,2026-08-15 00:19:08.308794,2026-08-15 00:19:10.873979,0 days 00:00:02.565185,0.7496143358746571,2.5079920313987265,0.02658601916965642,10,4,409,0.6784241433184548,5.873762223475107,0.8647737183533881,COMPLETE
26,0.3595972820772513,2026-08-15 00:19:10.881767,2026-08-15 00:19:11.744306,0 days 00:00:00.862539,0.6943178502081572,1.101164018902137,0.11274867350008373,2,9,327,3.3866248927897837,7.351062122615245,0.9155630364501398,COMPLETE
27,0.36548942684180635,2026-08-15 00:19:11.752018,2026-08-15 00:19:12.244512,0 days 00:00:00.492494,0.769528287631999,1.2518404701618775,0.2582279855421233,2,2,161,2.308635859408767,7.329848267590015,0.9050360385772824,COMPLETE
28,0.35645107029733136,2026-08-15 00:19:12.252473,2026-08-15 00:19:13.884037,0 days 00:00:01.631564,0.9051536438995492,0.4574946037160732,0.26946456279203107,4,3,458,4.334212707071206,5.886014314567952,0.862160986125831,COMPLETE
29,0.37675085797811475,2026-08-15 00:19:13.892180,2026-08-15 00:19:19.367834,0 days 00:00:05.475654,0.9204949695420481,0.2515617150586855,0.014348201437874346,9,5,272,1.8413636625725622,3.971598171987668,0.9377848253827414,COMPLETE
30,0.3797425628515942,2026-08-15 00:19:19.375675,2026-08-15 00:19:24.792490,0 days 00:00:05.416815,0.9399376411603236,0.07692896031086605,0.0065637427181630065,10,7,221,1.448081108398482,5.711017117210467,0.934993620382789,COMPLETE
31,0.37144410381898935,2026-08-15 00:19:24.800312,2026-08-15 00:19:28.198596,0 days 00:00:03.398284,0.939883909248396,0.4536674151356228,0.010029152888237592,9,8,180,0.5733325217172067,4.948949980867763,0.9646889637003244,COMPLETE
32,0.37375111660825944,2026-08-15 00:19:28.207246,2026-08-15 00:19:32.651475,0 days 00:00:04.444229,0.927040935466679,0.7949192924959565,0.03250688491596521,9,1,253,1.5888636367138964,3.3527513610569617,0.8015086953681979,COMPLETE
33,0.3731673374995194,2026-08-15 00:19:32.658942,2026-08-15 00:19:36.559582,0 days 00:00:03.900640,0.9119980048421598,0.1795819905258842,0.010322666961192847,8,3,227,3.084123936552949,6.946969647252132,0.9087687934047367,COMPLETE
34,0.35799759005440895,2026-08-15 00:19:36.568459,2026-08-15 00:19:38.870363,0 days 00:00:02.301904,0.8688141063180722,0.12579358213963804,0.2540556454092308,10,4,196,1.0911005275008219,3.439085247063508,0.907256450693165,COMPLETE
35,0.3845318646347397,2026-08-15 00:19:38.878125,2026-08-15 00:19:43.453062,0 days 00:00:04.574937,0.7482268056018218,0.2570966056450972,0.0163022360859232,10,4,179,1.6531283422540097,2.470716535889757,0.9692225535707859,COMPLETE
36,0.3749685753178807,2026-08-15 00:19:43.461293,2026-08-15 00:19:51.451917,0 days 00:00:07.990624,0.7066663665745907,0.25470885968802087,0.01637141864680602,9,2,411,0.6199775349175263,1.628120011192096,0.9225995691679632,COMPLETE
37,0.3776700480836608,2026-08-15 00:19:51.459886,2026-08-15 00:19:57.050075,0 days 00:00:05.590189,0.9963667070020297,0.5945810012334771,0.005161636603057263,10,6,228,1.7484680263614498,6.206796937997324,0.8470979455749622,COMPLETE
38,0.37200448245652634,2026-08-15 00:19:57.057045,2026-08-15 00:20:02.015903,0 days 00:00:04.958858,0.8825174266758994,0.3685821657028983,0.06297103606835483,8,8,421,0.2607853377861332,4.405297029488322,0.7683582664766123,COMPLETE
39,0.3795360392584499,2026-08-15 00:20:02.023602,2026-08-15 00:20:09.315902,0 days 00:00:07.292300,0.874488624455268,0.8790204737179973,0.008593283424052451,10,6,356,1.454813141369945,7.1090427325295265,0.8034626968202265,COMPLETE
40,0.37203477108866606,2026-08-15 00:20:09.323951,2026-08-15 00:20:13.369538,0 days 00:00:04.045587,0.6564398287675355,0.5296392250352411,0.006782744187887563,10,5,171,2.433843633371518,0.6135013744642059,0.9742178616856814,COMPLETE
41,0.37295095250295035,2026-08-15 00:20:13.377757,2026-08-15 00:20:20.765672,0 days 00:00:07.387915,0.7736251342500262,0.5990214518825985,0.006976192158202364,10,8,377,1.0441994730044928,6.999187398279394,0.7732298196764738,COMPLETE
42,0.3753617005517514,2026-08-15 00:20:20.772899,2026-08-15 00:20:26.188918,0 days 00:00:05.416019,0.994494174525412,0.41492135433316224,0.006367542410975288,9,3,234,1.5078245361403178,6.353831820857165,0.8280644369948481,COMPLETE
43,0.36641577763415595,2026-08-15 00:20:26.195889,2026-08-15 00:20:31.185292,0 days 00:00:04.989403,0.9827802451131399,1.421568177630991,0.010881213935110408,9,8,321,0.6337299300993913,6.848964866103047,0.8782413290728879,COMPLETE
44,0.3762676145035093,2026-08-15 00:20:31.192919,2026-08-15 00:20:35.459686,0 days 00:00:04.266767,0.9008428420738357,1.797357217264328,0.018037074767096834,10,4,338,2.0650484729428484,7.104871875225478,0.5272840324385297,COMPLETE
45,0.37259399606404986,2026-08-15 00:20:35.468880,2026-08-15 00:20:41.972109,0 days 00:00:06.503229,0.7914632137128146,0.2885681595507708,0.011176755064998817,10,10,322,2.596157451678944,7.170207620699671,0.9713885006151853,COMPLETE
46,0.37524090232297475,2026-08-15 00:20:41.980214,2026-08-15 00:20:46.654339,0 days 00:00:04.674125,0.7610625352120203,0.04540678668101411,0.02783327131772272,9,2,208,1.4573503085308708,0.5224272252487889,0.9363208130199192,COMPLETE
47,0.3667461324830721,2026-08-15 00:20:46.661301,2026-08-15 00:20:49.658530,0 days 00:00:02.997229,0.6749321957547035,1.279136648613558,0.02876924769442679,10,3,231,1.1622812239133715,2.9233535029888613,0.9807804243867025,COMPLETE
48,0.3583793868074329,2026-08-15 00:20:49.674892,2026-08-15 00:20:54.768703,0 days 00:00:05.093811,0.9099448628604776,0.9434865702500297,0.01978272619348122,7,7,514,3.114988204278681,7.1231756168569085,0.758778394768819,COMPLETE
49,0.37444776532571034,2026-08-15 00:20:54.775756,2026-08-15 00:21:01.739057,0 days 00:00:06.963301,0.9918526315057125,0.08948041651971583,0.008238677634188235,10,9,313,1.913101921624206,5.2850771323664505,0.8266339754651808,COMPLETE
50,0.37293864396346005,2026-08-15 00:21:01.745983,2026-08-15 00:21:06.582142,0 days 00:00:04.836159,0.9333590945935013,0.5481322002653356,0.03259725645688031,9,7,325,0.2151086309321254,2.5291154014748543,0.9471126949942477,COMPLETE
51,0.3666052586625171,2026-08-15 00:21:06.590086,2026-08-15 00:21:11.271580,0 days 00:00:04.681494,0.8844834914359091,0.4581840763982786,0.02932502194220076,8,5,324,2.5427383883092363,3.53760967934299,0.8704127248473793,COMPLETE
52,0.37396719162129494,2026-08-15 00:21:11.279190,2026-08-15 00:21:17.600394,0 days 00:00:06.321204,0.962488616932425,1.1086583802663892,0.01220908325147353,10,5,306,1.463647477993852,4.4415530001119965,0.9236370431987015,COMPLETE
53,0.3774285968858188,2026-08-15 00:21:17.607320,2026-08-15 00:21:26.497843,0 days 00:00:08.890523,0.8617258307003502,0.17745600636862793,0.03208695991307482,9,3,475,1.0134121363111521,5.328389968280465,0.9626127905892654,COMPLETE
54,0.38712020634581806,2026-08-15 00:21:26.505476,2026-08-15 00:21:35.043703,0 days 00:00:08.538227,0.9344371907011841,0.034828439862122,0.073686514801497,9,2,485,1.697838781005609,5.226243589741432,0.9716588679987582,COMPLETE
55,0.36434867834531715,2026-08-15 00:21:35.051811,2026-08-15 00:21:40.457052,0 days 00:00:05.405241,0.9775156078993513,0.054710533410634504,0.14227928665436207,8,2,472,1.344904583114698,5.518432400482843,0.8743467451404061,COMPLETE
56,0.35281904175537165,2026-08-15 00:21:40.466073,2026-08-15 00:21:48.105942,0 days 00:00:07.639869,0.9051852584880928,0.3960046891505795,0.054190654566295716,10,1,799,0.8241310168655027,4.1604937318353095,0.8809523472865204,COMPLETE
57,0.3623586499589675,2026-08-15 00:21:48.113002,2026-08-15 00:21:51.003830,0 days 00:00:02.890828,0.43700848999376635,0.1640442660291096,0.01714276797486753,10,8,161,0.9714802588705912,1.2449366053304256,0.7106202546602458,COMPLETE
58,0.3660323163525773,2026-08-15 00:21:51.011161,2026-08-15 00:21:54.132019,0 days 00:00:03.120858,0.7308608637469186,1.5487654213140356,0.008118522820426162,10,4,168,2.522129367868053,7.080479942138219,0.9486808542435259,COMPLETE
59,0.37918807963840767,2026-08-15 00:21:54.139282,2026-08-15 00:21:56.995500,0 days 00:00:02.856218,0.8658788936462741,0.41036642969386683,0.12729425551932716,9,4,543,2.3111561275780512,3.5429781903887276,0.9605109438779939,COMPLETE
60,0.3651033598506171,2026-08-15 00:21:57.003687,2026-08-15 00:21:59.374895,0 days 00:00:02.371208,0.8859139672486793,0.4873752034667396,0.19183769154548685,8,4,586,3.3057935293125187,3.270272366622009,0.8856648228742499,COMPLETE
61,0.3761785021599411,2026-08-15 00:21:59.381955,2026-08-15 00:22:03.080864,0 days 00:00:03.698909,0.7309850474062732,0.35421431912080753,0.00648136971974679,8,5,245,1.6586890833089223,4.7093287326837565,0.8956625977528305,COMPLETE
62,0.35703286327732364,2026-08-15 00:22:03.087920,2026-08-15 00:22:05.261033,0 days 00:00:02.173113,0.7369326785286784,0.972285629085486,0.12556005020400468,10,3,561,2.8970610406106547,5.090630563771003,0.978658363889341,COMPLETE
63,0.37225629107677455,2026-08-15 00:22:05.268753,2026-08-15 00:22:07.690544,0 days 00:00:02.421791,0.9784268550278659,0.5550520760917761,0.12508133179668285,10,2,462,2.2897503668076324,4.63068622078958,0.9827517431236599,COMPLETE
64,0.3656837771745802,2026-08-15 00:22:07.697678,2026-08-15 00:22:11.632720,0 days 00:00:03.935042,0.986449403178512,0.26636208644956305,0.006597215977145646,10,7,172,0.6339578937425001,6.498182289913506,0.7045991543590345,COMPLETE
65,0.3695647957570956,2026-08-15 00:22:11.640360,2026-08-15 00:22:17.775258,0 days 00:00:06.134898,0.8142589689285439,0.2665631041394264,0.0427996453125431,8,9,703,2.1441578778918204,4.0562325959720065,0.9623304797273311,COMPLETE
66,0.3790249767307848,2026-08-15 00:22:17.783612,2026-08-15 00:22:28.242959,0 days 00:00:10.459347,0.8170420862485142,0.7492782786625684,0.005850126063628095,9,2,539,0.2016334304266223,6.974619319141128,0.9063876679471757,COMPLETE
67,0.36716007490711594,2026-08-15 00:22:28.250911,2026-08-15 00:22:36.122536,0 days 00:00:07.871625,0.6540397376256004,1.5122482279258203,0.007794113913654868,9,6,643,0.9383255624602314,6.381390790252752,0.9924418918944368,COMPLETE
68,0.3783862620234921,2026-08-15 00:22:36.130345,2026-08-15 00:22:41.201654,0 days 00:00:05.071309,0.8453657751317245,1.3365884931339034,0.009608520614329312,7,3,496,0.41055738561344945,4.800465160793582,0.8723398700619946,COMPLETE
69,0.37209726775418733,2026-08-15 00:22:41.208877,2026-08-15 00:22:45.711076,0 days 00:00:04.502199,0.9203328268678198,0.31100885625108055,0.008320769767375134,5,4,739,0.28940869432678784,7.13200357632289,0.8306542947455724,COMPLETE
70,0.37317856213481365,2026-08-15 00:22:45.718967,2026-08-15 00:22:51.255666,0 days 00:00:05.536699,0.9811337042290351,1.477687466232028,0.01312811071436895,7,3,615,0.8763354622517023,4.1337723619106,0.8586348071282923,COMPLETE
71,0.3821181043441085,2026-08-15 00:22:51.264130,2026-08-15 00:23:03.839232,0 days 00:00:12.575102,0.8167551708738521,0.5930617687430424,0.00883118591938604,10,3,577,0.056921178618492,7.606855614153127,0.8519483163869481,COMPLETE
72,0.36251947747889784,2026-08-15 00:23:03.846749,2026-08-15 00:23:11.723547,0 days 00:00:07.876798,0.6287835647543862,1.395732994047322,0.007635907525487911,10,3,465,0.13571926798748768,7.995493291779636,0.6656756177259068,COMPLETE
73,0.3800183668019394,2026-08-15 00:23:11.731752,2026-08-15 00:23:22.419085,0 days 00:00:10.687333,0.9153614508733068,0.9381914315987152,0.006621350386173425,10,4,489,0.3976618631515985,7.465337155503515,0.9308279938411284,COMPLETE
74,0.38081588518609427,2026-08-15 00:23:22.427119,2026-08-15 00:23:31.297826,0 days 00:00:08.870707,0.9242919923758403,1.6959211294174046,0.008879025347164978,10,1,622,0.9685149430534129,7.480738950706292,0.8857327033070043,COMPLETE
75,0.37171870625073594,2026-08-15 00:23:31.305399,2026-08-15 00:23:38.676198,0 days 00:00:07.370799,0.8589412733630869,1.6465391619933092,0.012680251289852503,10,3,721,1.286042508508089,7.184205327751002,0.8419460784653585,COMPLETE
76,0.37822022825716095,2026-08-15 00:23:38.683928,2026-08-15 00:23:49.935570,0 days 00:00:11.251642,0.9912593696257206,0.4143135869704563,0.0068989954752545195,9,5,582,1.2081807381378555,6.422914729900753,0.8113100713315573,COMPLETE
77,0.37246784810847894,2026-08-15 00:23:49.943431,2026-08-15 00:23:57.306756,0 days 00:00:07.363325,0.8880402198883882,1.9899681164157663,0.0074796584047620365,9,5,624,0.02737753748275973,7.433975221282125,0.9568813080158727,COMPLETE
78,0.3764015990097121,2026-08-15 00:23:57.314279,2026-08-15 00:24:11.505076,0 days 00:00:14.190797,0.699293421850947,0.2941155971877683,0.011561790035924642,10,1,538,0.5879926161530197,7.726721430771789,0.795652917341058,COMPLETE
79,0.37384451081593945,2026-08-15 00:24:11.513534,2026-08-15 00:24:18.388922,0 days 00:00:06.875388,0.9275149347272356,1.7980791824561522,0.009587998927137159,10,1,568,2.451105021849242,6.382078361177685,0.9813141478645651,COMPLETE
80,0.34749483290749916,2026-08-15 00:24:18.397190,2026-08-15 00:24:21.129680,0 days 00:00:02.732490,0.709628727109133,0.3824872061559369,0.12299419048707803,9,5,522,0.5754524500519871,3.715050972946376,0.9895415370503571,COMPLETE
81,0.3715875836472473,2026-08-15 00:24:21.136856,2026-08-15 00:24:30.580674,0 days 00:00:09.443818,0.8728388171811124,0.7979243353797535,0.005833047219454083,9,2,477,0.028429207855898753,7.206110349112068,0.898791324574797,COMPLETE
82,0.37579679519213016,2026-08-15 00:24:30.589683,2026-08-15 00:24:41.379243,0 days 00:00:10.789560,0.8929690282284066,0.6659875435260125,0.014076183300931683,10,3,683,0.46079414223085113,6.172114990435108,0.9701959274976538,COMPLETE
83,0.3611709777490639,2026-08-15 00:24:41.386958,2026-08-15 00:24:46.558325,0 days 00:00:05.171367,0.9713043825823783,0.01322860780501528,0.1993447502517445,9,4,739,2.446614851956672,1.100440892330183,0.9635735256757008,COMPLETE
84,0.36939667389575,2026-08-15 00:24:46.565634,2026-08-15 00:24:52.326162,0 days 00:00:05.760528,0.9436149410256426,2.7521175262818662,0.005944730502774547,9,1,437,0.49032768941284177,6.786773969859447,0.8358355156241256,COMPLETE
85,0.38166454256943866,2026-08-15 00:24:52.333594,2026-08-15 00:25:03.450689,0 days 00:00:11.117095,0.870703860308394,1.5674285037609463,0.005704281712296001,10,1,574,0.5669299414555257,7.516306756278253,0.8799405960082534,COMPLETE
86,0.3732625604605368,2026-08-15 00:25:03.458718,2026-08-15 00:25:10.305742,0 days 00:00:06.847024,0.9263913548766082,1.2553788249202065,0.005873359720570106,9,5,412,1.0667110878476653,7.451630819172896,0.7080946191349059,COMPLETE
87,0.3802000176722929,2026-08-15 00:25:10.313699,2026-08-15 00:25:17.789581,0 days 00:00:07.475882,0.9432059458918048,0.08884580341655446,0.008239562105854697,10,10,364,0.502017619152289,6.708658022877494,0.9556215619356502,COMPLETE
88,0.37131094280764915,2026-08-15 00:25:17.797403,2026-08-15 00:25:20.508551,0 days 00:00:02.711148,0.9898140463787064,0.23901197347366895,0.012386663504769564,6,12,330,1.7351479543917643,7.231284150032784,0.9565015673481514,COMPLETE
89,0.3709080624774867,2026-08-15 00:25:20.516916,2026-08-15 00:25:25.172692,0 days 00:00:04.655776,0.9850067177825972,0.8104866150675666,0.042698852524282564,10,14,377,0.040296801901471335,7.534543735365518,0.8427680023370607,COMPLETE
90,0.3684972520392285,2026-08-15 00:25:25.180585,2026-08-15 00:25:31.604242,0 days 00:00:06.423657,0.959241617874496,0.4826484368351947,0.007596916412438021,9,13,404,1.3926972356650849,6.049731545493795,0.9903061037045447,COMPLETE
91,0.3828934082049338,2026-08-15 00:25:31.611692,2026-08-15 00:25:35.644974,0 days 00:00:04.033282,0.8088524776953784,0.2284401027041521,0.008781205248479054,9,6,209,0.5939490004939134,7.512187100659085,0.9358666350146141,COMPLETE
92,0.373381615433664,2026-08-15 00:25:35.651970,2026-08-15 00:25:44.949725,0 days 00:00:09.297755,0.6874924052748755,0.05255431921830506,0.005638209677014116,10,3,334,0.42189995551997567,6.975336815977416,0.9339678435130786,COMPLETE
93,0.3726862217319129,2026-08-15 00:25:44.957535,2026-08-15 00:25:49.180657,0 days 00:00:04.223122,0.6746013220219254,0.634198992697234,0.00985906799855716,9,11,268,0.2782349073689564,6.565400733415025,0.9706399725564604,COMPLETE
94,0.3692982081971921,2026-08-15 00:25:49.188278,2026-08-15 00:25:55.838349,0 days 00:00:06.650071,0.8736022804504971,0.36026728730018975,0.006221148162286682,10,11,316,0.3603012161767131,7.164176415979083,0.994864145535685,COMPLETE
95,0.3715303046597597,2026-08-15 00:25:55.846678,2026-08-15 00:26:00.785182,0 days 00:00:04.938504,0.8271312740353779,0.38983597135457937,0.01111080783574723,10,4,184,1.430597613489101,7.764060007882697,0.9389331466691012,COMPLETE
96,0.37330262475418435,2026-08-15 00:26:00.793235,2026-08-15 00:26:10.848368,0 days 00:00:10.055133,0.9013324751385212,1.478511689614617,0.006652129502548377,10,2,505,1.3181322715538912,6.3853909534023625,0.8336692871263998,COMPLETE
97,0.381440444613746,2026-08-15 00:26:10.857059,2026-08-15 00:26:19.648207,0 days 00:00:08.791148,0.8092141562073083,0.8246673084705595,0.005068768472114302,9,7,495,2.089149588305578,7.835593066430986,0.8985039363670464,COMPLETE
98,0.3736591456150931,2026-08-15 00:26:19.668074,2026-08-15 00:26:28.961827,0 days 00:00:09.293753,0.8344116004307304,0.5645135418566236,0.007526116647547382,9,11,576,3.6937994023947365,7.280959491453175,0.8704111133090868,COMPLETE
99,0.371769714249459,2026-08-15 00:26:28.969580,2026-08-15 00:26:30.856571,0 days 00:00:01.886991,0.7920515351502669,0.11129053604905886,0.01470571239371988,7,6,154,1.419812358621342,7.912398705212194,0.8473456244955706,COMPLETE
100,0.37862551784926834,2026-08-15 00:26:30.864951,2026-08-15 00:26:34.914701,0 days 00:00:04.049750,0.6687970753790599,0.385018893465026,0.016034299942152472,10,6,177,1.4242894537968718,2.9324135344015034,0.9283614847818966,COMPLETE
101,0.3790018423387857,2026-08-15 00:26:34.922746,2026-08-15 00:26:42.657350,0 days 00:00:07.734604,0.842346324024513,0.5391567905106125,0.007122945881193994,9,8,448,0.13155950125058674,5.7371242451706825,0.8588886539375273,COMPLETE
102,0.3753951531942577,2026-08-15 00:26:42.665009,2026-08-15 00:26:54.032947,0 days 00:00:11.367938,0.8592208581247143,0.7474045626961843,0.010040672131129273,10,5,554,1.2504460468292506,7.877483239170038,0.9686231203814446,COMPLETE
103,0.3686472147634052,2026-08-15 00:26:54.041076,2026-08-15 00:27:03.797055,0 days 00:00:09.755979,0.7824707325729527,0.37971590533527566,0.009148476589130863,9,6,531,2.8552010413133173,6.848347206355012,0.8371233573377819,COMPLETE
104,0.375314079956063,2026-08-15 00:27:03.805158,2026-08-15 00:27:10.834462,0 days 00:00:07.029304,0.9476253280822299,1.9102680469894893,0.0069277177769656575,8,1,532,0.4170381896851113,7.9070502446538,0.9146221407655982,COMPLETE
105,0.3575963262837712,2026-08-15 00:27:10.843038,2026-08-15 00:27:12.725641,0 days 00:00:01.882603,0.34781054446679105,2.9719360659798415,0.009572571521283837,10,12,194,3.900994232903043,3.4620421524808713,0.9391025496835544,COMPLETE
106,0.3659623221163046,2026-08-15 00:27:12.734208,2026-08-15 00:27:14.801219,0 days 00:00:02.067011,0.9637814977618859,1.7072905481408607,0.08163281222997118,9,2,471,1.471393827635158,7.798639425182517,0.8669678413567627,COMPLETE
107,0.36911396390079315,2026-08-15 00:27:14.809506,2026-08-15 00:27:18.414077,0 days 00:00:03.604571,0.8225238957564893,1.5648376741532914,0.02815839695304873,9,2,503,0.6564508059539824,6.250909915122263,0.9658244640184995,COMPLETE
108,0.3607143195297802,2026-08-15 00:27:18.421794,2026-08-15 00:27:24.997281,0 days 00:00:06.575487,0.7792937124627097,0.05945454265312414,0.05562929983259018,7,1,575,3.052106555113687,7.341886056463936,0.9896754987577104,COMPLETE
109,0.3819487361257797,2026-08-15 00:27:25.005409,2026-08-15 00:27:31.311430,0 days 00:00:06.306021,0.8695746303967851,0.30565960820907623,0.007776081851387829,10,7,256,1.6291178332772784,5.239298646852988,0.9726788068491948,COMPLETE
110,0.3695708471086441,2026-08-15 00:27:31.320255,2026-08-15 00:27:34.800420,0 days 00:00:03.480165,0.8320120924634368,0.3846494684679532,0.010236180143277051,7,7,316,1.2510153246779807,7.3287365166995935,0.9893780158701604,COMPLETE
111,0.3660199161642484,2026-08-15 00:27:34.808367,2026-08-15 00:27:41.732810,0 days 00:00:06.924443,0.6036056328269939,1.4915262354570669,0.006120743101841295,9,13,523,2.1182321447438017,6.3109871148326775,0.8988410878799504,COMPLETE
112,0.3785782781082589,2026-08-15 00:27:41.740853,2026-08-15 00:27:45.258623,0 days 00:00:03.517770,0.9041996837771585,0.02065096639027142,0.007673098699505512,8,11,234,1.8087103151965092,3.211201888782893,0.9204379881458483,COMPLETE
113,0.36837896944217796,2026-08-15 00:27:45.265666,2026-08-15 00:27:58.399400,0 days 00:00:13.133734,0.6980161162199299,1.0771117071885037,0.0051420442610911775,10,1,630,1.419526788881718,7.792316550031249,0.8093514937826628,COMPLETE
114,0.37630992873339814,2026-08-15 00:27:58.407593,2026-08-15 00:28:11.219089,0 days 00:00:12.811496,0.9127777943610121,1.2647917533861626,0.008258648150410195,10,1,697,0.44464414251352935,6.815981523991244,0.862774159175263,COMPLETE
115,0.3771242294926505,2026-08-15 00:28:11.226297,2026-08-15 00:28:16.551915,0 days 00:00:05.325618,0.9710556498884543,0.5212363690836843,0.017669629561001078,10,9,243,3.266324794624883,5.7686114117018255,0.9883386692018427,COMPLETE
116,0.3778964667315676,2026-08-15 00:28:16.560140,2026-08-15 00:28:24.048379,0 days 00:00:07.488239,0.9904743346370741,0.4417814825383766,0.005241574857174043,7,7,645,2.7865851377135753,7.974273843730135,0.9739824613316268,COMPLETE
117,0.3792241015948082,2026-08-15 00:28:24.056296,2026-08-15 00:28:31.116734,0 days 00:00:07.060438,0.9800232146548615,1.130347799432626,0.008786912502812352,9,4,377,0.1636412892179182,7.74679118819021,0.9676441880174809,COMPLETE
118,0.372550737316911,2026-08-15 00:28:31.124864,2026-08-15 00:28:41.417702,0 days 00:00:10.292838,0.9195968276902172,2.118752546804212,0.0050463042975829086,10,1,612,1.2912800142687972,7.537562171664068,0.8112008106009889,COMPLETE
119,0.37089271664279355,2026-08-15 00:28:41.425112,2026-08-15 00:28:46.508663,0 days 00:00:05.083551,0.8194780092778523,0.9606562582750788,0.02638164950567689,8,10,573,1.65667643310034,7.729104640341679,0.8870307717266346,COMPLETE
120,0.3780092250570597,2026-08-15 00:28:46.516602,2026-08-15 00:28:53.016665,0 days 00:00:06.500063,0.9674604683439172,0.021654280413606952,0.012513509334276095,10,9,286,1.4982111171566403,4.7838122529673495,0.9470529346166888,COMPLETE
121,0.37936236476140534,2026-08-15 00:28:53.024579,2026-08-15 00:29:00.136613,0 days 00:00:07.112034,0.9358249831871895,1.0084762851510696,0.012570457070714554,9,5,416,0.26797344207692525,7.826985525256059,0.9399740531939734,COMPLETE
122,0.3650946641817445,2026-08-15 00:29:00.143745,2026-08-15 00:29:05.891344,0 days 00:00:05.747599,0.9276261097185303,0.3760095427909679,0.005014150163490086,9,8,281,2.2443326445726393,4.762329689265702,0.9886614174530706,COMPLETE
123,0.37712559590008027,2026-08-15 00:29:05.899577,2026-08-15 00:29:15.110540,0 days 00:00:09.210963,0.8949621962312158,0.06262192261171723,0.035903134549923575,9,3,425,2.5905610528435385,4.624943076824497,0.9905978782716909,COMPLETE
124,0.3668648424493288,2026-08-15 00:29:15.118349,2026-08-15 00:29:21.186866,0 days 00:00:06.068517,0.7463225373576754,0.03145590342199775,0.018461845675323375,10,7,303,0.07254349020363382,7.306212456610378,0.8518352713457192,COMPLETE
125,0.3701442764235321,2026-08-15 00:29:21.195657,2026-08-15 00:29:30.609610,0 days 00:00:09.413953,0.8998892072361664,0.06322086395807233,0.015108265707955055,10,8,452,1.1545164214610444,6.649069877206402,0.9464596566749772,COMPLETE
126,0.3614485476409817,2026-08-15 00:29:30.616804,2026-08-15 00:29:31.275139,0 days 00:00:00.658335,0.8195620565277565,2.3830478602668648,0.027290108945163462,3,6,154,1.3703045241514036,1.2556713831248687,0.5435780027240513,COMPLETE
127,0.3584733279260228,2026-08-15 00:29:31.283329,2026-08-15 00:29:36.843495,0 days 00:00:05.560166,0.8611994648361377,0.015767356148977913,0.13589748219790235,8,3,461,1.84684819639048,6.146517029015726,0.9799958250391012,COMPLETE
128,0.37615255231618655,2026-08-15 00:29:36.851227,2026-08-15 00:29:40.495524,0 days 00:00:03.644297,0.8948614795712843,0.18326200540543547,0.011200046036831387,9,3,151,0.7903124695066747,2.536827439668683,0.9927263590661995,COMPLETE
129,0.3798629274435726,2026-08-15 00:29:40.503772,2026-08-15 00:29:44.516140,0 days 00:00:04.012368,0.9088581958211827,0.07943318234020394,0.005564207491972259,10,6,151,0.7461014111236797,5.945807929273768,0.9106285730352497,COMPLETE
130,0.3769333547111325,2026-08-15 00:29:44.524745,2026-08-15 00:29:49.098242,0 days 00:00:04.573497,0.8603365925045935,0.6444415178334851,0.007732106791482954,9,8,242,0.9427611254380179,6.740319149598066,0.9092586421616435,COMPLETE
131,0.3748925690262302,2026-08-15 00:29:49.105974,2026-08-15 00:29:54.229520,0 days 00:00:05.123546,0.7137786447820219,1.215668397804479,0.006979418958110346,8,7,388,2.1408288586410156,6.585295930206177,0.8677813842469836,COMPLETE
132,0.374768468707898,2026-08-15 00:29:54.237454,2026-08-15 00:30:01.609982,0 days 00:00:07.372528,0.7503750152167291,1.6365964782734685,0.005174601507827992,10,1,362,0.7970001635225366,7.78279820178134,0.8817235979774181,COMPLETE
133,0.38104877897708783,2026-08-15 00:30:01.617451,2026-08-15 00:30:03.501039,0 days 00:00:01.883588,0.9233932589367534,0.692132809251606,0.005596828120790513,7,5,154,0.24732771728000696,7.561094828472043,0.8442179983189656,COMPLETE
134,0.38191501068745487,2026-08-15 00:30:03.508894,2026-08-15 00:30:05.046651,0 days 00:00:01.537757,0.9180516091346367,1.1277042665711425,0.005372277885379722,6,4,166,0.68322878541488,6.6097872066163585,0.8494140143888215,COMPLETE
135,0.37727041870043676,2026-08-15 00:30:05.054496,2026-08-15 00:30:07.062343,0 days 00:00:02.007847,0.8805717013183834,0.5374224871636626,0.017036257591440302,7,5,169,0.47749239242797076,6.1509432003372435,0.7838638061592045,COMPLETE
136,0.3784876727197362,2026-08-15 00:30:07.070271,2026-08-15 00:30:11.450853,0 days 00:00:04.380582,0.9853122908229947,0.058158321261756685,0.006334531113561808,9,6,195,1.1250034843797163,6.934863012126611,0.9604056167705858,COMPLETE
137,0.36644636756897236,2026-08-15 00:30:11.458972,2026-08-15 00:30:12.332789,0 days 00:00:00.873817,0.9469068157192803,1.6595525981017578,0.007311613012948308,3,3,226,0.7363692519384291,6.401760933119291,0.8762788650647786,COMPLETE
138,0.3771216105714718,2026-08-15 00:30:12.340431,2026-08-15 00:30:13.759984,0 days 00:00:01.419553,0.7795102767882408,1.5104709717591625,0.005532027039918613,6,7,162,0.8341907938060393,7.291838543329734,0.8543966871253139,COMPLETE
139,0.35548881690816914,2026-08-15 00:30:13.767228,2026-08-15 00:30:14.485706,0 days 00:00:00.718478,0.901455954970287,0.9319841198825095,0.0055511707943793395,3,10,179,0.44389652248315226,6.998841362348099,0.8899635718354613,COMPLETE
140,0.3731438851958176,2026-08-15 00:30:14.493851,2026-08-15 00:30:20.447917,0 days 00:00:05.954066,0.67909652883661,0.6626460296350458,0.014661674241753086,10,1,239,2.435805869984798,2.9797778316099515,0.9482419199143524,COMPLETE
141,0.3815795760735475,2026-08-15 00:30:20.457159,2026-08-15 00:30:24.660966,0 days 00:00:04.203807,0.8638569635092102,0.06422795894986222,0.008915039482107532,10,7,173,0.6270794128356034,5.8100207592202375,0.9149663284246459,COMPLETE
142,0.38095411621801656,2026-08-15 00:30:24.668515,2026-08-15 00:30:30.958441,0 days 00:00:06.289926,0.9486775167467105,0.3201250750264366,0.010067383314919364,10,5,245,0.49362034971392477,4.988451224859487,0.9155796264083994,COMPLETE
143,0.37773499823463735,2026-08-15 00:30:30.966304,2026-08-15 00:30:40.528090,0 days 00:00:09.561786,0.8961547932539388,0.00523378232839089,0.010683575372285257,10,1,262,0.6051067194459052,5.001628472939407,0.7595437994427228,COMPLETE
144,0.37317068276999626,2026-08-15 00:30:40.535865,2026-08-15 00:30:41.704899,0 days 00:00:01.169034,0.9519725409236384,1.0410439621519954,0.008328793405263277,5,1,164,1.7967930401976948,5.886001463142155,0.8858106632479609,COMPLETE
145,0.3664374098398892,2026-08-15 00:30:41.712912,2026-08-15 00:30:42.534005,0 days 00:00:00.821093,0.7034957635777569,0.5355426841242261,0.00649553965189554,4,5,162,0.010644212383503715,7.297950669140488,0.7775415645120597,COMPLETE
146,0.37882743877215663,2026-08-15 00:30:42.542055,2026-08-15 00:30:45.534697,0 days 00:00:02.992642,0.9358884995347038,1.665803519067794,0.0064228381078588045,8,3,194,0.4076893198694958,6.708104107765558,0.8451779092627661,COMPLETE
147,0.37294813055668347,2026-08-15 00:30:45.542726,2026-08-15 00:30:49.391146,0 days 00:00:03.848420,0.893222639661847,0.13198227169612498,0.006537806409880755,9,5,179,0.35790728520614373,5.010849924917331,0.8940889600547852,COMPLETE
148,0.378748978080492,2026-08-15 00:30:49.398534,2026-08-15 00:30:52.314532,0 days 00:00:02.915998,0.9490430970002967,0.5105919245995207,0.008379393992441489,7,4,234,0.6643699832320006,7.987971908378021,0.8998620582095596,COMPLETE
149,0.367956546370551,2026-08-15 00:30:52.322439,2026-08-15 00:30:54.119247,0 days 00:00:01.796808,0.8849106243690789,0.9443188439188026,0.006355913017609246,6,3,198,0.24292920677771168,5.466384515312512,0.7537613569126771,COMPLETE
