modelo,tipo,ticker,experimento,lookback,val_f1_macro,test_f1_macro,test_f1_buy,test_f1_sell,test_f1_buy_sell_avg,signal_pct_buy,signal_pct_hold,signal_pct_sell,cumul_return_test,return_vs_bh_test,sharpe_test,max_drawdown_test,win_rate_test,profit_factor_test
LSTM,por_ticker,AAPL,A,20,0.4048,0.3287,0.2041,0.2569,0.2305,12.3,57.5,30.2,-0.3983,-0.9377,-1.8344,-0.4318,0.3922,0.6271
LSTM,por_ticker,NVDA,A,20,0.2534,0.203,0.0274,0.0,0.0137,0.6,99.4,0.0,0.0129,-2.7243,0.272,-0.0182,0.3333,1.6969
LSTM,por_ticker,TSLA,A,20,0.2624,0.271,0.0,0.303,0.1515,0.0,74.2,25.8,-0.6146,-1.3461,-1.6676,-0.6409,0.4194,0.5797
LSTM,por_ticker,AMZN,A,20,0.2679,0.281,0.4169,0.4261,0.4215,34.2,0.0,65.8,0.277,-0.2829,0.4038,-0.2633,0.5167,1.0737
LSTM,por_ticker,MSFT,A,20,0.3163,0.3287,0.2982,0.4314,0.3648,20.0,15.2,64.8,0.0306,-0.3014,0.0823,-0.2186,0.4988,1.0157
LSTM,por_ticker,GOOGL,A,20,0.347,0.324,0.296,0.1356,0.2158,21.0,72.1,6.9,0.1258,-1.169,0.3607,-0.1836,0.5746,1.1204
LSTM,por_ticker,META,A,20,0.3328,0.2581,0.2139,0.0,0.107,11.2,88.8,0.0,-0.0907,-0.9528,-0.4651,-0.181,0.5926,0.8005
LSTM,por_ticker,AAPL,B,20,0.3495,0.3605,0.3852,0.2114,0.2983,33.3,42.5,24.1,-0.2339,-0.4001,-1.1734,-0.2934,0.4656,0.7283
LSTM,por_ticker,NVDA,B,20,0.2437,0.2093,0.33,0.2979,0.3139,61.0,0.0,39.0,-0.3402,-0.6413,-0.8981,-0.4731,0.4737,0.8494
LSTM,por_ticker,TSLA,B,20,0.1741,0.1461,0.4384,0.0,0.2192,100.0,0.0,0.0,0.1341,0.0,0.2149,-0.4819,0.5088,1.0376
LSTM,por_ticker,AMZN,B,20,0.3045,0.296,0.4062,0.0267,0.2165,56.1,43.4,0.4,-0.0918,-0.1538,-0.4685,-0.2233,0.4961,0.901
LSTM,por_ticker,MSFT,B,20,0.3577,0.3618,0.2903,0.2655,0.2779,27.2,52.6,20.2,0.1562,-0.0152,1.0409,-0.1071,0.5741,1.316
LSTM,por_ticker,GOOGL,B,20,0.2996,0.3297,0.4103,0.0,0.2051,38.2,61.8,0.0,0.1733,-0.4945,0.7494,-0.2493,0.5057,1.2363
LSTM,por_ticker,META,B,20,0.2994,0.3145,0.1127,0.4,0.2563,3.5,46.1,50.4,0.0313,-0.0407,0.1274,-0.1973,0.4634,1.0327
LSTM,por_ticker,AAPL,C,20,0.2663,0.2727,0.4602,0.0,0.2301,73.2,26.8,0.0,0.1751,0.0089,0.6388,-0.1935,0.521,1.1589
LSTM,por_ticker,NVDA,C,20,0.1693,0.1238,0.0,0.3714,0.1857,0.0,0.0,100.0,-0.2314,-0.5326,-0.568,-0.5445,0.4605,0.9019
LSTM,por_ticker,TSLA,C,20,0.1741,0.1461,0.4384,0.0,0.2192,100.0,0.0,0.0,0.1341,0.0,0.2149,-0.4819,0.5088,1.0376
LSTM,por_ticker,AMZN,C,20,0.3112,0.2727,0.3858,0.0,0.1929,58.3,41.7,0.0,-0.0569,-0.1189,-0.2805,-0.2346,0.5113,0.9407
LSTM,por_ticker,MSFT,C,20,0.272,0.3079,0.0,0.463,0.2315,0.0,34.6,65.4,0.1528,-0.0186,0.9109,-0.0804,0.4966,1.2184
LSTM,por_ticker,GOOGL,C,20,0.2943,0.3181,0.3758,0.0,0.1879,35.1,64.9,0.0,-0.0082,-0.676,-0.047,-0.2558,0.4625,0.9868
LSTM,por_ticker,META,C,20,0.3028,0.3556,0.2045,0.3694,0.287,11.0,53.1,36.0,0.4894,0.4174,1.711,-0.1717,0.5981,1.6002
LSTM,por_ticker,AAPL,A,60,0.3587,0.3231,0.1967,0.2066,0.2016,13.0,67.5,19.5,-0.3053,-0.707,-1.5332,-0.3401,0.4126,0.621
LSTM,por_ticker,NVDA,A,60,0.2612,0.2055,0.0299,0.0,0.0149,1.1,98.9,0.0,-0.0335,-2.9306,-0.5653,-0.0629,0.2,0.4756
LSTM,por_ticker,TSLA,A,60,0.2394,0.2278,0.0,0.1208,0.0604,0.0,95.0,5.0,-0.1962,-0.9265,-0.6998,-0.2869,0.4545,0.5563
LSTM,por_ticker,AMZN,A,60,0.3187,0.332,0.3622,0.3546,0.3584,27.5,21.1,51.4,0.3312,-0.1329,0.6097,-0.1859,0.487,1.1281
LSTM,por_ticker,MSFT,A,60,0.314,0.2929,0.3804,0.0138,0.1971,51.8,46.6,1.6,0.2962,-0.1169,1.0936,-0.1266,0.5702,1.2817
LSTM,por_ticker,GOOGL,A,60,0.3618,0.3502,0.2574,0.2487,0.2531,15.2,71.1,13.6,-0.0961,-0.8841,-0.3564,-0.1724,0.4961,0.8889
LSTM,por_ticker,META,A,60,0.3327,0.3004,0.3204,0.0142,0.1673,19.1,79.8,1.1,-0.0786,-1.1431,-0.3213,-0.1427,0.4719,0.879
LSTM,por_ticker,AAPL,B,60,0.2907,0.315,0.4234,0.0,0.2117,48.9,51.1,0.0,-0.1892,-0.2511,-1.1478,-0.2967,0.4565,0.7246
LSTM,por_ticker,NVDA,B,60,0.1744,0.1194,0.0,0.3581,0.179,0.0,0.0,100.0,-0.263,-0.6198,-0.7688,-0.5008,0.4468,0.8663
LSTM,por_ticker,TSLA,B,60,0.2678,0.1703,0.4126,0.0984,0.2555,91.5,0.0,8.5,-0.2153,-0.3486,-0.4822,-0.522,0.484,0.9196
LSTM,por_ticker,AMZN,B,60,0.2866,0.266,0.4335,0.069,0.2512,79.8,18.6,1.6,0.0227,0.0259,0.1051,-0.2317,0.5294,1.0209
LSTM,por_ticker,MSFT,B,60,0.2952,0.339,0.0984,0.3824,0.2404,3.7,51.1,45.2,-0.1075,-0.3503,-1.0939,-0.1503,0.4239,0.7508
LSTM,por_ticker,GOOGL,B,60,0.2749,0.3699,0.3696,0.1356,0.2526,18.1,76.1,5.9,-0.0871,-0.3865,-0.945,-0.1351,0.3556,0.7177
LSTM,por_ticker,META,B,60,0.2062,0.2207,0.0952,0.0,0.0476,6.9,93.1,0.0,-0.0484,-0.2369,-1.2891,-0.0591,0.4615,0.4361
LSTM,por_ticker,AAPL,C,60,0.2452,0.2025,0.4057,0.0,0.2028,88.8,11.2,0.0,0.0027,-0.0592,0.0104,-0.3022,0.509,1.0022
LSTM,por_ticker,NVDA,C,60,0.1744,0.1194,0.0,0.3581,0.179,0.0,0.0,100.0,-0.263,-0.6198,-0.7688,-0.5008,0.4468,0.8663
LSTM,por_ticker,TSLA,C,60,0.1818,0.1423,0.4268,0.0,0.2134,100.0,0.0,0.0,0.1333,0.0,0.2487,-0.4819,0.5053,1.0442
LSTM,por_ticker,AMZN,C,60,0.3114,0.3035,0.4054,0.0345,0.2199,50.5,47.9,1.6,0.016,0.0192,0.1004,-0.1382,0.5204,1.0256
LSTM,por_ticker,MSFT,C,60,0.3293,0.3617,0.1449,0.4403,0.2926,8.0,34.6,57.4,-0.1928,-0.4356,-1.8511,-0.2112,0.4553,0.6528
LSTM,por_ticker,GOOGL,C,60,0.2831,0.341,0.4202,0.0,0.2101,32.4,67.6,0.0,0.008,-0.2914,0.0781,-0.132,0.541,1.0229
LSTM,por_ticker,META,C,60,0.2887,0.2722,0.0,0.3709,0.1854,0.0,51.1,48.9,-0.2708,-0.4593,-2.2298,-0.3688,0.4239,0.5958
LSTM,global,GLOBAL,A,20,0.3021,0.2996,0.4112,0.0,0.2056,50.1,49.9,0.0,15.9234,-85.1883,0.7506,-0.6395,0.5458,1.2255
LSTM,global,GLOBAL,B,20,0.3205,0.3345,0.3996,0.0627,0.2312,41.0,56.2,2.8,2.6345,-0.7845,0.757,-0.3761,0.5494,1.2418
LSTM,global,GLOBAL,C,20,0.3604,0.3763,0.3406,0.2971,0.3188,27.1,43.8,29.1,-0.2496,-3.6686,-0.1448,-0.7041,0.4972,0.964
LSTM,global,GLOBAL,A,60,0.299,0.2906,0.3118,0.0,0.1559,23.5,76.4,0.1,12.7336,-50.4757,1.1158,-0.2503,0.564,1.5712
LSTM,global,GLOBAL,B,60,0.2991,0.3158,0.3788,0.0,0.1894,35.6,64.4,0.0,0.862,-0.0444,0.5252,-0.3176,0.5406,1.1722
LSTM,global,GLOBAL,C,60,0.3327,0.3596,0.3945,0.2817,0.3381,44.6,28.3,27.1,0.6893,-0.217,0.2803,-0.4673,0.5207,1.0644
