modelo,experimento,tipo,ticker,lookback,F1_macro,F1_BUY,F1_SELL,F1_HOLD,Win_Rate,Profit_Factor,Max_Drawdown,Sharpe,Cum_Return
LR,A,global,GLOBAL,,0.38,0.2824,0.3801,0.4774,0.5095,1.0903,-0.6928,0.3607,4.8728
LR,A,por_ticker,AAPL,,0.363,0.2972,0.3049,0.487,0.4774,1.1799,-0.2,0.6623,0.3826
LR,A,por_ticker,NVDA,,0.305,0.013,0.3515,0.5504,0.4444,0.7652,-0.5417,-0.9754,-0.5274
LR,A,por_ticker,TSLA,,0.3983,0.3311,0.3394,0.5246,0.5625,1.1717,-0.3947,0.6855,1.0873
LR,A,por_ticker,AMZN,,0.3345,0.2415,0.1991,0.5629,0.5077,1.1541,-0.2097,0.4176,0.1959
LR,A,por_ticker,MSFT,,0.3496,0.3523,0.1932,0.5034,0.5259,1.1233,-0.2776,0.4704,0.1891
LR,A,por_ticker,GOOGL,,0.3716,0.3478,0.2259,0.5411,0.4894,0.8798,-0.3588,-0.5141,-0.2108
LR,A,por_ticker,META,,0.3593,0.351,0.2194,0.5076,0.4754,0.974,-0.3206,-0.0995,-0.0565
LR,B,global,GLOBAL,,0.4167,0.3527,0.3459,0.5516,0.5156,1.378,-0.4191,1.2516,20.5587
LR,B,por_ticker,AAPL,,0.3949,0.2969,0.3804,0.5073,0.5099,1.4106,-0.1679,1.3751,0.4932
LR,B,por_ticker,NVDA,,0.4305,0.2887,0.4327,0.5702,0.5612,1.7699,-0.1949,2.3714,1.8705
LR,B,por_ticker,TSLA,,0.3658,0.224,0.4086,0.4649,0.5263,0.9229,-0.4301,-0.3887,-0.1977
LR,B,por_ticker,AMZN,,0.4297,0.297,0.4694,0.5226,0.5578,1.4823,-0.1304,1.7075,0.7
LR,B,por_ticker,MSFT,,0.3747,0.2645,0.3056,0.5541,0.459,1.0206,-0.2525,0.0774,0.0162
LR,B,por_ticker,GOOGL,,0.387,0.315,0.3978,0.4481,0.5031,0.9254,-0.3558,-0.3744,-0.0994
LR,B,por_ticker,META,,0.3865,0.3576,0.254,0.5479,0.424,0.926,-0.3341,-0.3038,-0.0918
LR,C,global,GLOBAL,,0.3955,0.3355,0.3104,0.5406,0.5022,1.1939,-0.4998,0.683,4.2426
LR,C,por_ticker,AAPL,,0.3686,0.3172,0.3056,0.4831,0.5168,1.1663,-0.1285,0.6111,0.1952
LR,C,por_ticker,NVDA,,0.299,0.0,0.4184,0.4787,0.4804,0.9662,-0.4478,-0.1636,-0.0738
LR,C,por_ticker,TSLA,,0.3587,0.256,0.3979,0.4222,0.4886,1.1005,-0.381,0.4696,0.307
LR,C,por_ticker,AMZN,,0.379,0.2569,0.4236,0.4565,0.5309,1.1406,-0.2065,0.5976,0.1902
LR,C,por_ticker,MSFT,,0.3824,0.2456,0.3394,0.5622,0.4118,0.879,-0.311,-0.5221,-0.1048
LR,C,por_ticker,GOOGL,,0.3563,0.3857,0.4126,0.2707,0.5352,1.135,-0.3522,0.6858,0.2375
LR,C,por_ticker,META,,0.3572,0.3827,0.1935,0.4952,0.4179,0.7307,-0.442,-1.2998,-0.3261
XGBoost,A,global,GLOBAL,,0.3917,0.3388,0.3686,0.4677,0.5156,1.21,-0.441,0.7945,47.6312
XGBoost,A,por_ticker,AAPL,,0.3625,0.2809,0.3416,0.465,0.5393,1.3913,-0.177,1.2421,0.7906
XGBoost,A,por_ticker,NVDA,,0.3637,0.3162,0.2993,0.4758,0.5538,1.2231,-0.4917,0.8234,0.9726
XGBoost,A,por_ticker,TSLA,,0.3806,0.3521,0.3471,0.4427,0.5458,1.3285,-0.3724,1.2855,3.0135
XGBoost,A,por_ticker,AMZN,,0.3923,0.3241,0.3954,0.4573,0.5329,1.142,-0.2363,0.5796,0.3658
XGBoost,A,por_ticker,MSFT,,0.3843,0.3864,0.3042,0.4623,0.5583,1.0717,-0.2589,0.3103,0.1293
XGBoost,A,por_ticker,GOOGL,,0.3712,0.3309,0.3529,0.4296,0.5068,1.0265,-0.2205,0.1151,0.0553
XGBoost,A,por_ticker,META,,0.3525,0.2787,0.4252,0.3537,0.496,1.136,-0.3417,0.5734,0.4809
XGBoost,B,global,GLOBAL,,0.3903,0.3489,0.3717,0.4503,0.4996,1.1012,-0.4416,0.4184,1.9154
XGBoost,B,por_ticker,AAPL,,0.3381,0.2635,0.3175,0.4335,0.5294,1.4234,-0.1158,1.351,0.4729
XGBoost,B,por_ticker,NVDA,,0.347,0.2783,0.3407,0.4221,0.5179,1.3531,-0.4769,1.4097,0.7746
XGBoost,B,por_ticker,TSLA,,0.429,0.4118,0.3727,0.5025,0.5605,1.3521,-0.1956,1.4011,1.1654
XGBoost,B,por_ticker,AMZN,,0.4047,0.3759,0.3797,0.4585,0.5603,1.4898,-0.2332,1.6594,0.607
XGBoost,B,por_ticker,MSFT,,0.3722,0.3188,0.3598,0.4379,0.4402,0.8985,-0.2172,-0.488,-0.1049
XGBoost,B,por_ticker,GOOGL,,0.333,0.3378,0.2632,0.398,0.48,0.8503,-0.3013,-0.7145,-0.1655
XGBoost,B,por_ticker,META,,0.3606,0.3421,0.3396,0.4,0.478,1.1905,-0.244,0.7245,0.278
XGBoost,C,global,GLOBAL,,0.3835,0.3463,0.3527,0.4515,0.4952,1.0964,-0.4685,0.3991,1.7654
XGBoost,C,por_ticker,AAPL,,0.3442,0.2822,0.3546,0.3958,0.5305,1.1957,-0.1595,0.7167,0.2317
XGBoost,C,por_ticker,NVDA,,0.387,0.2703,0.3957,0.4949,0.5266,1.2871,-0.4484,1.1556,0.6989
XGBoost,C,por_ticker,TSLA,,0.3878,0.3611,0.3432,0.459,0.4913,0.9555,-0.4294,-0.224,-0.1191
XGBoost,C,por_ticker,AMZN,,0.3856,0.3889,0.3353,0.4324,0.5155,1.171,-0.2441,0.7164,0.2369
XGBoost,C,por_ticker,MSFT,,0.3336,0.2857,0.3077,0.4074,0.377,0.7427,-0.363,-1.3866,-0.2705
XGBoost,C,por_ticker,GOOGL,,0.3474,0.3111,0.3575,0.3736,0.5122,1.0486,-0.2777,0.2222,0.0602
XGBoost,C,por_ticker,META,,0.3426,0.3567,0.3012,0.3699,0.4503,1.0867,-0.2531,0.3624,0.1345
LSTM,A,global,GLOBAL,60.0,0.3388,0.2202,0.2469,0.5493,0.5074,1.0576,-0.4488,0.17,0.7346
LSTM,A,por_ticker,AAPL,20.0,0.3515,0.2557,0.2318,0.5669,0.5058,0.8433,-0.3097,-0.5488,-0.1886
LSTM,A,por_ticker,NVDA,60.0,0.3844,0.2797,0.3064,0.5672,0.4695,0.7707,-0.6308,-1.0536,-0.5421
LSTM,A,por_ticker,TSLA,60.0,0.3634,0.2365,0.3359,0.5178,0.5445,1.2459,-0.4707,0.8552,1.038
LSTM,A,por_ticker,AMZN,20.0,0.3506,0.2146,0.2921,0.5451,0.4757,0.9695,-0.2423,-0.1112,-0.0459
LSTM,A,por_ticker,MSFT,20.0,0.3972,0.3282,0.4072,0.456,0.5538,1.2,-0.1249,0.8299,0.3615
LSTM,A,por_ticker,GOOGL,60.0,0.37,0.2396,0.3905,0.48,0.4542,0.9703,-0.3072,-0.1406,-0.0575
LSTM,A,por_ticker,META,20.0,0.3425,0.3764,0.0952,0.556,0.48,0.9422,-0.2562,-0.1995,-0.0957
LSTM,B,global,GLOBAL,60.0,0.37,0.3013,0.2861,0.5225,0.4914,1.12,-0.4064,0.4327,1.1594
LSTM,B,por_ticker,AAPL,20.0,0.383,0.3063,0.2857,0.5571,0.4909,0.8883,-0.2862,-0.4217,-0.1019
LSTM,B,por_ticker,NVDA,20.0,0.3278,0.0988,0.25,0.6347,0.4444,0.7707,-0.3277,-0.8465,-0.2418
LSTM,B,por_ticker,TSLA,60.0,0.2913,0.3529,0.2667,0.2542,0.4815,0.9391,-0.3979,-0.3348,-0.1339
LSTM,B,por_ticker,AMZN,20.0,0.3352,0.4043,0.2157,0.3855,0.5395,1.28,-0.2931,1.133,0.3476
LSTM,B,por_ticker,MSFT,20.0,0.3527,0.1389,0.4356,0.4835,0.4621,1.133,-0.2196,0.5283,0.1053
LSTM,B,por_ticker,GOOGL,60.0,0.4147,0.4386,0.234,0.5714,0.5098,1.0376,-0.2531,0.1603,0.0315
LSTM,B,por_ticker,META,20.0,0.3458,0.1842,0.4124,0.4409,0.5076,1.2629,-0.2981,0.9251,0.3474
LSTM,C,global,GLOBAL,20.0,0.3702,0.3565,0.2806,0.4735,0.4959,1.039,-0.6315,0.1627,0.4494
LSTM,C,por_ticker,AAPL,20.0,0.3218,0.4286,0.0779,0.459,0.5616,1.2236,-0.3022,0.8068,0.2452
LSTM,C,por_ticker,NVDA,20.0,0.2772,0.0,0.37,0.4615,0.4595,0.9007,-0.3817,-0.4782,-0.1633
LSTM,C,por_ticker,TSLA,20.0,0.2987,0.3738,0.0571,0.4651,0.4872,0.8967,-0.4244,-0.5263,-0.2433
LSTM,C,por_ticker,AMZN,20.0,0.3634,0.3411,0.2157,0.5333,0.4731,1.1389,-0.2212,0.4689,0.1189
LSTM,C,por_ticker,MSFT,60.0,0.3318,0.1017,0.3465,0.5474,0.4691,0.8125,-0.2374,-0.6833,-0.0963
LSTM,C,por_ticker,GOOGL,20.0,0.377,0.4161,0.1149,0.6,0.4804,1.123,-0.2243,0.4663,0.1162
LSTM,C,por_ticker,META,60.0,0.3099,0.2947,0.3827,0.2521,0.5,0.9963,-0.3111,-0.0162,-0.0045
CNN,A,global,GLOBAL,20.0,0.3483,0.3748,0.1479,0.522,0.5291,1.0784,-0.5138,0.2666,2.001
CNN,A,por_ticker,AAPL,20.0,0.3264,0.2041,0.1753,0.6,0.4727,0.9107,-0.2807,-0.2347,-0.0852
CNN,A,por_ticker,NVDA,20.0,0.2889,0.3791,0.388,0.0995,0.4934,1.0529,-0.3366,0.2882,0.319
CNN,A,por_ticker,TSLA,20.0,0.3854,0.2972,0.3184,0.5408,0.5271,1.3012,-0.3982,1.0335,1.4248
CNN,A,por_ticker,AMZN,20.0,0.3373,0.3008,0.173,0.5383,0.5244,1.1209,-0.1868,0.3776,0.171
CNN,A,por_ticker,MSFT,20.0,0.286,0.3404,0.0,0.5176,0.533,1.1046,-0.1503,0.3548,0.1167
CNN,A,por_ticker,GOOGL,60.0,0.3165,0.3813,0.0408,0.5275,0.5478,1.0903,-0.1792,0.314,0.1054
CNN,A,por_ticker,META,20.0,0.2618,0.4297,0.2105,0.1453,0.5125,1.0434,-0.3749,0.2118,0.1587
CNN,B,global,GLOBAL,20.0,0.3434,0.4023,0.1127,0.5153,0.5102,1.0309,-0.4343,0.1213,0.3064
CNN,B,por_ticker,AAPL,20.0,0.3632,0.3182,0.2261,0.5455,0.4917,0.9534,-0.258,-0.1762,-0.0461
CNN,B,por_ticker,NVDA,20.0,0.3163,0.3727,0.0,0.5761,0.52,1.1255,-0.3268,0.4418,0.1639
CNN,B,por_ticker,TSLA,20.0,0.4057,0.3623,0.2697,0.5852,0.5556,1.2372,-0.23,0.8209,0.4807
CNN,B,por_ticker,AMZN,20.0,0.3251,0.3478,0.093,0.5345,0.4767,1.025,-0.2194,0.0851,0.0203
CNN,B,por_ticker,MSFT,20.0,0.3147,0.2689,0.1818,0.4934,0.48,1.0216,-0.1096,0.0717,0.0128
CNN,B,por_ticker,GOOGL,60.0,0.3283,0.0,0.3871,0.5979,0.4605,0.7375,-0.2379,-1.129,-0.1722
CNN,B,por_ticker,META,20.0,0.304,0.3566,0.0,0.5556,0.5,1.1665,-0.2262,0.4586,0.1231
CNN,C,global,GLOBAL,20.0,0.3727,0.3229,0.2884,0.5069,0.4944,0.9241,-0.6664,-0.3174,-0.5037
CNN,C,por_ticker,AAPL,60.0,0.1587,0.3628,0.0,0.1132,0.5471,1.0933,-0.2299,0.3921,0.097
CNN,C,por_ticker,NVDA,20.0,0.2857,0.0,0.4036,0.4535,0.4561,0.8506,-0.4653,-0.8096,-0.2699
CNN,C,por_ticker,TSLA,60.0,0.3144,0.3433,0.2364,0.3636,0.4932,0.9417,-0.396,-0.3062,-0.1199
CNN,C,por_ticker,AMZN,20.0,0.2822,0.2752,0.0,0.5714,0.4667,1.0203,-0.1866,0.0502,0.0105
CNN,C,por_ticker,MSFT,20.0,0.2858,0.2857,0.0488,0.5228,0.4651,1.0138,-0.148,0.043,0.0073
CNN,C,por_ticker,GOOGL,60.0,0.3361,0.4029,0.0909,0.5146,0.4949,1.1393,-0.1051,0.5492,0.1024
CNN,C,por_ticker,META,20.0,0.2967,0.1111,0.3548,0.4242,0.4833,1.0209,-0.3512,0.0782,0.0237
CNN-LSTM,A,global,GLOBAL,60.0,0.3283,0.2342,0.1885,0.5622,0.5025,1.071,-0.4713,0.1895,0.8164
CNN-LSTM,A,por_ticker,AAPL,60.0,0.3414,0.2949,0.152,0.5772,0.5111,0.9214,-0.4105,-0.2399,-0.0823
CNN-LSTM,A,por_ticker,NVDA,60.0,0.321,0.0,0.4548,0.5083,0.4769,0.9753,-0.3312,-0.1117,-0.0839
CNN-LSTM,A,por_ticker,TSLA,20.0,0.3522,0.3537,0.1838,0.519,0.509,1.012,-0.2816,0.0477,0.0439
CNN-LSTM,A,por_ticker,AMZN,20.0,0.333,0.1889,0.4201,0.3901,0.4971,0.9754,-0.2471,-0.1206,-0.0639
CNN-LSTM,A,por_ticker,MSFT,60.0,0.3476,0.3534,0.1139,0.5755,0.5789,1.2059,-0.1117,0.5945,0.1634
CNN-LSTM,A,por_ticker,GOOGL,20.0,0.3395,0.2892,0.2908,0.4385,0.4403,0.7622,-0.4603,-1.2262,-0.4452
CNN-LSTM,A,por_ticker,META,60.0,0.2978,0.3388,0.0,0.5547,0.5078,1.0913,-0.2986,0.261,0.1115
CNN-LSTM,B,global,GLOBAL,20.0,0.378,0.2533,0.3805,0.5004,0.5043,1.0226,-0.457,0.0905,0.2265
CNN-LSTM,B,por_ticker,AAPL,60.0,0.365,0.3,0.1882,0.6066,0.4769,0.7148,-0.2973,-0.9882,-0.1952
CNN-LSTM,B,por_ticker,NVDA,20.0,0.2637,0.0606,0.3562,0.3743,0.4651,0.988,-0.4025,-0.0588,-0.0222
CNN-LSTM,B,por_ticker,TSLA,20.0,0.3783,0.3846,0.2969,0.4535,0.5,0.9932,-0.3614,-0.0326,-0.017
CNN-LSTM,B,por_ticker,AMZN,20.0,0.4093,0.2326,0.4,0.5953,0.5049,0.9372,-0.3842,-0.2548,-0.0668
CNN-LSTM,B,por_ticker,MSFT,20.0,0.3839,0.1978,0.4565,0.4972,0.4863,1.0985,-0.1991,0.3974,0.0777
CNN-LSTM,B,por_ticker,GOOGL,20.0,0.3041,0.0,0.4314,0.4809,0.4676,0.8744,-0.3823,-0.6023,-0.1408
CNN-LSTM,B,por_ticker,META,60.0,0.3262,0.2286,0.4094,0.3407,0.5076,1.0182,-0.2939,0.0752,0.0211
CNN-LSTM,C,global,GLOBAL,20.0,0.346,0.1197,0.4255,0.4929,0.4968,1.0723,-0.442,0.2918,0.9427
CNN-LSTM,C,por_ticker,AAPL,20.0,0.3714,0.3276,0.2222,0.5643,0.5455,1.1781,-0.2299,0.5001,0.1314
CNN-LSTM,C,por_ticker,NVDA,20.0,0.3701,0.24,0.268,0.6023,0.4881,1.1982,-0.1875,0.6298,0.237
CNN-LSTM,C,por_ticker,TSLA,20.0,0.3944,0.3952,0.28,0.5079,0.5252,1.1003,-0.3158,0.4324,0.2468
CNN-LSTM,C,por_ticker,AMZN,20.0,0.3527,0.3226,0.1942,0.5415,0.4831,1.0352,-0.2194,0.123,0.0298
CNN-LSTM,C,por_ticker,MSFT,60.0,0.3472,0.2947,0.2151,0.5319,0.4337,0.8339,-0.1752,-0.6043,-0.0861
CNN-LSTM,C,por_ticker,GOOGL,60.0,0.3472,0.3964,0.0,0.6452,0.5283,1.4155,-0.0786,1.0889,0.187
CNN-LSTM,C,por_ticker,META,60.0,0.3374,0.25,0.3649,0.3974,0.4955,1.0782,-0.2136,0.2877,0.0758
