config_id,modelo,tipo,ticker,experimento,lookback,n_features,n_seeds,test_f1_macro,test_f1_buy,test_f1_hold,test_f1_sell,cumul_return_test,return_vs_bh_test,sharpe_test,max_drawdown_test,win_rate_test,profit_factor_test
CNN-puro-filt,CNN,por_ticker,AAPL,A,20,25,3,0.2835,0.1149,0.5658,0.1696,-0.4764,-0.9713,-1.7317,-0.4913,0.4068,0.4888
CNN-puro-filt,CNN,por_ticker,NVDA,A,20,25,3,0.2355,0.1104,0.5824,0.0135,0.0547,-1.9951,0.1627,-0.1524,0.5,1.1309
CNN-puro-filt,CNN,por_ticker,TSLA,A,20,25,3,0.3515,0.1726,0.5381,0.3436,-0.328,-1.7544,-0.4415,-0.579,0.5178,0.8893
CNN-puro-filt,CNN,por_ticker,AMZN,A,20,25,3,0.3443,0.2589,0.5073,0.2667,0.1847,-0.3135,0.3878,-0.2346,0.4948,1.1147
CNN-puro-filt,CNN,por_ticker,MSFT,A,20,25,3,0.2846,0.2857,0.5679,0.0,0.009,-0.2354,0.0456,-0.1211,0.5566,1.0159
CNN-puro-filt,CNN,por_ticker,GOOGL,A,20,25,3,0.3221,0.3484,0.5075,0.1105,0.0363,-1.2208,0.0981,-0.243,0.5303,1.0253
CNN-puro-filt,CNN,por_ticker,META,A,20,25,3,0.2807,0.2051,0.5652,0.0719,0.2427,-0.4762,0.6639,-0.1726,0.5195,1.3637
CNN-puro-filt,CNN,global,GLOBAL,A,20,25,3,0.3134,0.3181,0.5652,0.0569,2.3985,-76.6177,0.369,-0.4033,0.5471,1.1458
CNN-puro-filt,CNN,por_ticker,AAPL,B,20,10,3,0.3325,0.1579,0.6087,0.2308,-0.095,-0.2981,-0.4523,-0.2532,0.4528,0.8321
CNN-puro-filt,CNN,por_ticker,NVDA,B,20,10,3,0.2888,0.3262,0.3023,0.2378,-0.1912,-0.7992,-0.5651,-0.5591,0.4912,0.8896
CNN-puro-filt,CNN,por_ticker,TSLA,B,20,10,3,0.3771,0.3016,0.5131,0.3165,-0.222,-0.4064,-0.4956,-0.3839,0.4599,0.8961
CNN-puro-filt,CNN,por_ticker,AMZN,B,20,10,3,0.3553,0.3624,0.4706,0.233,0.2519,0.2725,0.9074,-0.2022,0.5263,1.2643
CNN-puro-filt,CNN,por_ticker,MSFT,B,20,10,3,0.2967,0.4038,0.4862,0.0,0.0318,-0.1633,0.1662,-0.148,0.5274,1.0401
CNN-puro-filt,CNN,por_ticker,GOOGL,B,20,10,3,0.3183,0.3662,0.5887,0.0,0.0442,-0.5216,0.2339,-0.2231,0.5135,1.0683
CNN-puro-filt,CNN,por_ticker,META,B,20,10,3,0.3284,0.3038,0.3694,0.3121,-0.1005,-0.0584,-0.3318,-0.2277,0.4286,0.9272
CNN-puro-filt,CNN,global,GLOBAL,B,20,10,3,0.3314,0.3979,0.5558,0.0404,1.0598,-1.9623,0.3496,-0.3881,0.5444,1.1051
CNN-puro-filt,CNN,por_ticker,AAPL,C,20,3,3,0.32,0.4192,0.4883,0.0526,0.2828,0.0797,1.009,-0.2299,0.5948,1.3474
CNN-puro-filt,CNN,por_ticker,NVDA,C,20,3,3,0.2846,0.3625,0.1935,0.2979,0.5776,-0.0304,1.2001,-0.2469,0.5106,1.2691
CNN-puro-filt,CNN,por_ticker,TSLA,C,20,3,3,0.348,0.3043,0.5174,0.2222,-0.4104,-0.5948,-1.195,-0.5397,0.4724,0.7681
CNN-puro-filt,CNN,por_ticker,AMZN,C,20,3,3,0.2827,0.283,0.5652,0.0,-0.024,-0.0034,-0.221,-0.113,0.5,0.9269
CNN-puro-filt,CNN,por_ticker,MSFT,C,20,3,3,0.4085,0.2909,0.51,0.4247,-0.0202,-0.2153,-0.1088,-0.2057,0.5591,0.9732
CNN-puro-filt,CNN,por_ticker,GOOGL,C,20,3,3,0.3411,0.3358,0.56,0.1277,-0.0983,-0.6641,-0.5254,-0.2231,0.4536,0.8771
CNN-puro-filt,CNN,por_ticker,META,C,20,3,3,0.2832,0.0,0.528,0.3217,0.0586,0.1007,0.221,-0.1978,0.4706,1.0837
CNN-puro-filt,CNN,global,GLOBAL,C,20,3,3,0.3621,0.3625,0.4895,0.2343,-0.23,-3.2521,-0.1293,-0.5947,0.5017,0.9671
CNN-puro-filt,CNN,por_ticker,AAPL,A,60,25,3,0.2677,0.1176,0.5551,0.1304,-0.3836,-0.9891,-1.5633,-0.4241,0.3861,0.5104
CNN-puro-filt,CNN,por_ticker,NVDA,A,60,25,3,0.2209,0.0444,0.5882,0.0301,0.3034,-0.7732,0.8655,-0.0591,0.5,2.7764
CNN-puro-filt,CNN,por_ticker,TSLA,A,60,25,3,0.3628,0.2636,0.5595,0.2652,0.5869,-0.9982,0.619,-0.2427,0.5489,1.2093
CNN-puro-filt,CNN,por_ticker,AMZN,A,60,25,3,0.2771,0.1905,0.5724,0.0685,0.1332,-0.1559,0.5221,-0.1108,0.6087,1.3219
CNN-puro-filt,CNN,por_ticker,MSFT,A,60,25,3,0.2791,0.0,0.5688,0.2685,0.0096,-0.1642,0.0712,-0.0839,0.5,1.0282
CNN-puro-filt,CNN,por_ticker,GOOGL,A,60,25,3,0.3541,0.3376,0.538,0.1868,0.1006,-0.9945,0.2818,-0.198,0.596,1.0823
CNN-puro-filt,CNN,por_ticker,META,A,60,25,3,0.1951,0.0,0.5852,0.0,0.0,-0.3796,0.0,0.0,0.0,
CNN-puro-filt,CNN,global,GLOBAL,A,60,25,3,0.3014,0.3593,0.5428,0.0021,5.2883,-31.4059,0.5698,-0.4142,0.5425,1.2089
CNN-puro-filt,CNN,por_ticker,AAPL,B,60,10,3,0.3534,0.1455,0.5962,0.3186,-0.2326,-0.4603,-1.2365,-0.3106,0.4706,0.6535
CNN-puro-filt,CNN,por_ticker,NVDA,B,60,10,3,0.2178,0.2791,0.144,0.2303,-0.4753,-1.1782,-2.2697,-0.5794,0.4125,0.6374
CNN-puro-filt,CNN,por_ticker,TSLA,B,60,10,3,0.2784,0.4,0.3582,0.0769,0.2412,-0.4516,0.5141,-0.2762,0.5274,1.1074
CNN-puro-filt,CNN,por_ticker,AMZN,B,60,10,3,0.199,0.0,0.597,0.0,0.0,-0.21,0.0,0.0,0.0,
CNN-puro-filt,CNN,por_ticker,MSFT,B,60,10,3,0.2946,0.0,0.5161,0.3676,-0.0607,-0.343,-0.4136,-0.2121,0.4941,0.8838
CNN-puro-filt,CNN,por_ticker,GOOGL,B,60,10,3,0.3318,0.4719,0.5235,0.0,0.5281,-0.4756,2.0481,-0.0786,0.5207,1.5396
CNN-puro-filt,CNN,por_ticker,META,B,60,10,3,0.354,0.3396,0.3944,0.3281,0.255,0.116,0.9168,-0.2052,0.504,1.2435
CNN-puro-filt,CNN,global,GLOBAL,B,60,10,3,0.3682,0.2766,0.5571,0.2709,2.3346,-9.1974,0.8465,-0.4451,0.5296,1.3164
CNN-puro-filt,CNN,por_ticker,AAPL,C,60,3,3,0.3207,0.3158,0.5829,0.0635,-0.0249,-0.2527,-0.1207,-0.1693,0.5195,0.9619
CNN-puro-filt,CNN,por_ticker,NVDA,C,60,3,3,0.2526,0.3758,0.25,0.1319,-0.0052,-0.7081,-0.0176,-0.2368,0.4832,0.9964
CNN-puro-filt,CNN,por_ticker,TSLA,C,60,3,3,0.3143,0.3178,0.625,0.0,0.2015,-0.4912,0.5538,-0.2155,0.5536,1.2005
CNN-puro-filt,CNN,por_ticker,AMZN,C,60,3,3,0.1466,0.4398,0.0,0.0,0.21,0.0,0.7123,-0.1464,0.5479,1.1432
CNN-puro-filt,CNN,por_ticker,MSFT,C,60,3,3,0.2422,0.0,0.4469,0.2797,-0.2545,-0.5368,-2.0127,-0.3257,0.3804,0.5463
CNN-puro-filt,CNN,por_ticker,GOOGL,C,60,3,3,0.2082,0.0,0.2376,0.3871,-0.5307,-1.5344,-3.2801,-0.5802,0.4083,0.5439
CNN-puro-filt,CNN,por_ticker,META,C,60,3,3,0.3575,0.3091,0.4113,0.352,0.0051,-0.1339,0.0196,-0.2018,0.5,1.0047
CNN-puro-filt,CNN,global,GLOBAL,C,60,3,3,0.2948,0.4091,0.4754,0.0,7.9833,-3.5486,1.496,-0.2162,0.5548,1.4778
