config_id,modelo,tipo,ticker,experimento,lookback,n_features,n_seeds,val_f1_macro,val_f1_buy,val_f1_sell,test_f1_macro,test_f1_buy,test_f1_hold,test_f1_sell,test_f1_buy_sell_avg,test_accuracy,test_signal_buy,test_signal_hold,test_signal_sell,cumul_return_test,return_vs_bh_test,sharpe_test,max_drawdown_test,win_rate_test,profit_factor_test
CNN-02-bi,CNN-LSTM,por_ticker,AAPL,B,20,66,3,0.3189,0.3665,0.2459,0.3067,0.3133,0.2897,0.3172,0.3152,0.307,46.9,19.3,33.8,-0.2317,-0.4348,-0.9526,-0.357,0.5054,0.8041
CNN-02-bi,CNN-LSTM,por_ticker,NVDA,B,20,66,3,0.3128,0.1935,0.3057,0.3564,0.2245,0.6047,0.24,0.2322,0.443,16.2,62.7,21.1,-0.0969,-0.7049,-0.3014,-0.313,0.4941,0.9176
CNN-02-bi,CNN-LSTM,por_ticker,TSLA,B,20,66,3,0.3749,0.4718,0.3404,0.3199,0.2973,0.3399,0.3226,0.3099,0.3202,36.8,23.2,39.9,-0.3255,-0.5099,-0.7398,-0.5569,0.4686,0.8639
CNN-02-bi,CNN-LSTM,por_ticker,AMZN,B,20,66,3,0.3719,0.3704,0.2526,0.3463,0.4111,0.4706,0.1573,0.2842,0.386,50.9,42.5,6.6,0.2187,0.2393,0.762,-0.2823,0.5038,1.1928
CNN-02-bi,CNN-LSTM,por_ticker,MSFT,B,20,66,3,0.2767,0.0,0.4059,0.3146,0.0,0.4706,0.4732,0.2366,0.4079,0.0,31.1,68.9,-0.0425,-0.2375,-0.2262,-0.231,0.4586,0.9501
CNN-02-bi,CNN-LSTM,por_ticker,GOOGL,B,20,66,3,0.2569,0.2456,0.0,0.3305,0.3651,0.6264,0.0,0.1825,0.4649,25.0,75.0,0.0,0.0448,-0.521,0.2506,-0.1782,0.5088,1.0829
CNN-02-bi,CNN-LSTM,por_ticker,META,B,20,66,3,0.2611,0.1194,0.102,0.376,0.3168,0.5401,0.2712,0.294,0.4211,16.7,64.5,18.9,0.1175,0.1596,0.4003,-0.1529,0.5185,1.1332
CNN-02-bi,CNN-LSTM,global,GLOBAL,B,20,66,3,0.3179,,,0.3003,0.09,0.3825,0.4284,0.2592,0.3578,4.3,28.6,67.1,-0.378,-3.4001,-0.2018,-0.6732,0.4904,0.956
CNN-04-multikernel,CNN-LSTM,por_ticker,AAPL,B,20,66,3,0.3455,0.3832,0.1802,0.3199,0.2677,0.369,0.323,0.2953,0.3246,29.8,29.4,40.8,-0.2733,-0.4764,-1.1724,-0.3931,0.472,0.7508
CNN-04-multikernel,CNN-LSTM,por_ticker,NVDA,B,20,66,3,0.2138,0.1379,0.0,0.309,0.1053,0.636,0.1856,0.1454,0.4518,6.6,73.7,19.7,0.0467,-0.5613,0.1452,-0.2983,0.4167,1.0504
CNN-04-multikernel,CNN-LSTM,por_ticker,TSLA,B,20,66,3,0.2827,0.4945,0.1839,0.3565,0.4308,0.3841,0.2545,0.3427,0.3728,57.5,22.4,20.2,0.0813,-0.1031,0.1445,-0.3442,0.4915,1.0285
CNN-04-multikernel,CNN-LSTM,por_ticker,AMZN,B,20,66,3,0.4658,0.4603,0.3333,0.4094,0.3803,0.4671,0.381,0.3806,0.4123,34.2,33.8,32.0,0.0795,0.1001,0.2698,-0.2008,0.5232,1.0601
CNN-04-multikernel,CNN-LSTM,por_ticker,MSFT,B,20,66,3,0.3467,0.3423,0.1474,0.3224,0.3217,0.5135,0.1319,0.2268,0.3772,35.5,53.9,10.5,-0.0957,-0.2908,-0.566,-0.1667,0.5143,0.8524
CNN-04-multikernel,CNN-LSTM,por_ticker,GOOGL,B,20,66,3,0.294,0.3827,0.0674,0.3263,0.3741,0.6048,0.0,0.1871,0.443,30.7,67.5,1.8,-0.0639,-0.6297,-0.3311,-0.2215,0.4865,0.9092
CNN-04-multikernel,CNN-LSTM,por_ticker,META,B,20,66,3,0.2839,0.0,0.3587,0.2689,0.0,0.3613,0.4454,0.2227,0.3553,0.0,28.5,71.5,0.0106,0.0527,0.0318,-0.3683,0.4847,1.0073
CNN-04-multikernel,CNN-LSTM,global,GLOBAL,B,20,66,3,0.3048,,,0.3374,0.0589,0.5721,0.3811,0.22,0.4311,2.1,59.3,38.6,-0.229,-3.2512,-0.1252,-0.5446,0.49,0.9643
CNN-05-focal,CNN-LSTM,por_ticker,AAPL,B,20,66,3,0.3202,0.2149,0.3294,0.3342,0.2549,0.3399,0.408,0.3314,0.3509,18.9,22.8,58.3,0.1919,-0.0111,0.6371,-0.1917,0.5057,1.1598
CNN-05-focal,CNN-LSTM,por_ticker,NVDA,B,20,66,3,0.2625,0.0,0.4519,0.3195,0.0,0.5792,0.3793,0.1897,0.4254,0.0,46.5,53.5,-0.1851,-0.7931,-0.566,-0.3852,0.4754,0.8746
CNN-05-focal,CNN-LSTM,por_ticker,TSLA,B,20,66,3,0.2843,0.487,0.366,0.2384,0.3776,0.0,0.3375,0.3575,0.2807,57.9,0.0,42.1,-0.0122,-0.1966,-0.0213,-0.6047,0.4868,0.9964
CNN-05-focal,CNN-LSTM,por_ticker,AMZN,B,20,66,3,0.3929,0.3636,0.403,0.331,0.4082,0.3586,0.2261,0.3171,0.3465,57.9,24.1,18.0,0.0529,0.0735,0.1787,-0.2946,0.4971,1.0372
CNN-05-focal,CNN-LSTM,por_ticker,MSFT,B,20,66,3,0.2008,0.1463,0.4561,0.231,0.1127,0.1111,0.4693,0.291,0.3289,3.9,3.9,92.1,-0.0599,-0.255,-0.2965,-0.3281,0.4749,0.9445
CNN-05-focal,CNN-LSTM,por_ticker,GOOGL,B,20,66,3,0.3412,0.455,0.2393,0.3508,0.4311,0.4457,0.1754,0.3033,0.3728,43.0,35.5,21.5,-0.1791,-0.7448,-0.8065,-0.2602,0.4626,0.842
CNN-05-focal,CNN-LSTM,por_ticker,META,B,20,66,3,0.3309,0.3438,0.3814,0.2666,0.2963,0.0943,0.4093,0.3528,0.3026,31.6,7.0,61.4,-0.0311,0.011,-0.0921,-0.1845,0.4764,0.9819
CNN-05-focal,CNN-LSTM,global,GLOBAL,B,20,66,3,0.2967,,,0.2755,0.0956,0.2869,0.4439,0.2698,0.3402,5.1,16.2,78.7,-0.5286,-3.5507,-0.3046,-0.7222,0.4824,0.9396
CNN-01-base,CNN-LSTM,por_ticker,AAPL,B,20,66,3,0.3072,0.3765,0.0851,0.332,0.2787,0.386,0.3313,0.305,0.3377,27.6,30.7,41.7,-0.2344,-0.4374,-0.9824,-0.3767,0.481,0.7853
CNN-01-base,CNN-LSTM,por_ticker,NVDA,B,20,66,3,0.2371,0.0,0.4237,0.2637,0.0606,0.3743,0.3562,0.2084,0.3202,2.2,24.6,73.2,-0.0222,-0.6302,-0.0588,-0.4025,0.4651,0.988
CNN-01-base,CNN-LSTM,por_ticker,TSLA,B,20,66,3,0.3429,0.4585,0.1835,0.3783,0.3846,0.4535,0.2969,0.3407,0.386,40.4,31.6,28.1,-0.017,-0.2014,-0.0326,-0.3614,0.5,0.9932
CNN-01-base,CNN-LSTM,por_ticker,AMZN,B,20,66,3,0.3682,0.1758,0.3562,0.4093,0.2326,0.5953,0.4,0.3163,0.4605,9.6,54.8,35.5,-0.0668,-0.0462,-0.2548,-0.3842,0.5049,0.9372
CNN-01-base,CNN-LSTM,por_ticker,MSFT,B,20,66,3,0.3202,0.2391,0.3487,0.3839,0.1978,0.4972,0.4565,0.3272,0.4211,12.7,36.0,51.3,0.0777,-0.1174,0.3974,-0.1991,0.4863,1.0985
CNN-01-base,CNN-LSTM,por_ticker,GOOGL,B,20,66,3,0.2368,0.0,0.4684,0.3041,0.0,0.4809,0.4314,0.2157,0.386,0.0,39.0,61.0,-0.1408,-0.7066,-0.6023,-0.3823,0.4676,0.8744
CNN-01-base,CNN-LSTM,por_ticker,META,B,20,66,3,0.2839,0.0,0.3291,0.278,0.0,0.4646,0.3692,0.1846,0.3596,0.0,47.4,52.6,-0.1211,-0.0789,-0.4339,-0.3458,0.4417,0.893
CNN-01-base,CNN-LSTM,global,GLOBAL,B,20,66,3,0.3392,,,0.378,0.2533,0.5004,0.3805,0.3169,0.4041,15.4,42.0,42.7,0.2265,-2.7956,0.0905,-0.457,0.5043,1.0226
CNN-06-deeper,CNN-LSTM,por_ticker,AAPL,B,20,66,3,0.28,0.2857,0.0,0.3641,0.3393,0.5678,0.1852,0.2622,0.4211,23.2,59.2,17.5,0.066,-0.1371,0.247,-0.2299,0.5054,1.0788
CNN-06-deeper,CNN-LSTM,por_ticker,NVDA,B,20,66,3,0.1774,0.0,0.4453,0.1479,0.0,0.0794,0.3643,0.1822,0.2368,0.0,4.8,95.2,-0.3484,-0.9564,-1.0669,-0.5228,0.4562,0.8241
CNN-06-deeper,CNN-LSTM,por_ticker,TSLA,B,20,66,3,0.2983,0.3824,0.3145,0.4018,0.3497,0.4183,0.4375,0.3936,0.4035,34.6,23.2,42.1,1.4029,1.2185,1.6319,-0.23,0.52,1.3754
CNN-06-deeper,CNN-LSTM,por_ticker,AMZN,B,20,66,3,0.3949,0.3731,0.2472,0.3509,0.3648,0.4898,0.198,0.2814,0.3816,41.7,46.5,11.8,0.0579,0.0785,0.222,-0.2617,0.4918,1.055
CNN-06-deeper,CNN-LSTM,por_ticker,MSFT,B,20,66,3,0.2738,0.1684,0.1176,0.3138,0.3438,0.5977,0.0,0.1719,0.4386,28.9,71.1,0.0,0.1342,-0.0608,0.7543,-0.148,0.5606,1.2998
CNN-06-deeper,CNN-LSTM,por_ticker,GOOGL,B,20,66,3,0.2828,0.3088,0.0706,0.3131,0.3279,0.5425,0.069,0.1984,0.3947,23.2,67.1,9.6,-0.0797,-0.6455,-0.4339,-0.1668,0.4933,0.8769
CNN-06-deeper,CNN-LSTM,por_ticker,META,B,20,66,3,0.2521,0.0,0.2276,0.2835,0.0,0.4593,0.3913,0.1957,0.3684,0.0,52.2,47.8,-0.0161,0.0261,-0.0596,-0.2883,0.5138,0.984
CNN-06-deeper,CNN-LSTM,global,GLOBAL,B,20,66,3,0.271,,,0.3286,0.0,0.5956,0.3904,0.1952,0.4436,0.0,61.4,38.6,-0.4775,-3.4996,-0.3207,-0.6188,0.4789,0.9097
CNN-01-base,CNN-LSTM,por_ticker,AAPL,A,20,66,3,0.4034,0.3014,0.3656,0.3369,0.1667,0.5418,0.3022,0.2344,0.4021,9.0,62.9,28.1,0.2663,-0.2286,0.647,-0.1334,0.4888,1.2231
CNN-01-base,CNN-LSTM,por_ticker,NVDA,A,20,66,3,0.3007,0.2895,0.0,0.2783,0.0395,0.5615,0.2338,0.1366,0.4,1.9,79.2,19.0,-0.2547,-2.3045,-0.5654,-0.4066,0.44,0.8085
CNN-01-base,CNN-LSTM,por_ticker,TSLA,A,20,66,3,0.3235,0.4233,0.0745,0.3522,0.3537,0.519,0.1838,0.2687,0.3979,36.9,53.8,9.4,0.0439,-1.3824,0.0477,-0.2816,0.509,1.012
CNN-01-base,CNN-LSTM,por_ticker,AMZN,A,20,66,3,0.3104,0.3693,0.3898,0.333,0.1889,0.3901,0.4201,0.3045,0.3667,7.7,27.1,65.2,-0.0639,-0.5622,-0.1206,-0.2471,0.4971,0.9754
CNN-01-base,CNN-LSTM,por_ticker,MSFT,A,20,66,3,0.2244,0.0613,0.4396,0.2464,0.0,0.2764,0.4629,0.2315,0.3458,0.0,15.6,84.4,-0.1343,-0.3787,-0.3546,-0.286,0.4691,0.9325
CNN-01-base,CNN-LSTM,por_ticker,GOOGL,A,20,66,3,0.3397,0.4211,0.2712,0.3395,0.2892,0.4385,0.2908,0.29,0.3479,20.8,39.0,40.2,-0.4452,-1.7023,-1.2262,-0.4603,0.4403,0.7622
CNN-01-base,CNN-LSTM,por_ticker,META,A,20,66,3,0.2536,0.3525,0.3445,0.2107,0.0286,0.1345,0.469,0.2488,0.3271,1.5,5.8,92.7,-0.3904,-1.1093,-0.7068,-0.4903,0.4735,0.87
CNN-01-base,CNN-LSTM,global,GLOBAL,A,20,66,3,0.3172,,,0.3092,0.3167,0.5655,0.0454,0.1811,0.4158,22.5,74.9,2.7,-0.0865,-79.1027,-0.0259,-0.5184,0.5302,0.9903
CNN-01-base,CNN-LSTM,por_ticker,AAPL,C,20,66,3,0.2978,0.32,0.0,0.3714,0.3276,0.5643,0.2222,0.2749,0.4298,25.0,61.4,13.6,0.1314,-0.0717,0.5001,-0.2299,0.5455,1.1781
CNN-01-base,CNN-LSTM,por_ticker,NVDA,C,20,66,3,0.2781,0.3582,0.0244,0.3701,0.24,0.6023,0.268,0.254,0.4518,17.1,63.2,19.7,0.237,-0.371,0.6298,-0.1875,0.4881,1.1982
CNN-01-base,CNN-LSTM,por_ticker,TSLA,C,20,66,3,0.3405,0.4183,0.0988,0.3944,0.3952,0.5079,0.28,0.3376,0.4167,45.2,39.0,15.8,0.2468,0.0624,0.4324,-0.3158,0.5252,1.1003
CNN-01-base,CNN-LSTM,por_ticker,AMZN,C,20,66,3,0.3388,0.3148,0.1143,0.3527,0.3226,0.5415,0.1942,0.2584,0.4035,26.3,61.0,12.7,0.0298,0.0504,0.123,-0.2194,0.4831,1.0352
CNN-01-base,CNN-LSTM,por_ticker,MSFT,C,20,66,3,0.3757,0.3521,0.3356,0.339,0.3605,0.4565,0.2,0.2802,0.364,48.2,37.3,14.5,0.0481,-0.1469,0.2498,-0.148,0.5385,1.062
CNN-01-base,CNN-LSTM,por_ticker,GOOGL,C,20,66,3,0.2496,0.2178,0.0,0.3446,0.3448,0.6067,0.0822,0.2135,0.4561,20.6,75.9,3.5,0.129,-0.4368,0.7057,-0.1516,0.5455,1.262
CNN-01-base,CNN-LSTM,por_ticker,META,C,20,66,3,0.2799,0.0,0.3293,0.267,0.0,0.4412,0.3598,0.1799,0.3465,0.0,50.0,50.0,-0.08,-0.0378,-0.2867,-0.2955,0.4386,0.924
CNN-01-base,CNN-LSTM,global,GLOBAL,C,20,66,3,0.3284,,,0.346,0.1197,0.4929,0.4255,0.2726,0.4041,4.8,40.7,54.5,0.9427,-2.0794,0.2918,-0.442,0.4968,1.0723
CNN-01-base,CNN-LSTM,por_ticker,AAPL,A,60,66,3,0.3793,0.351,0.2162,0.3414,0.2949,0.5772,0.152,0.2235,0.425,20.7,69.3,10.0,-0.0823,-0.6877,-0.2399,-0.4105,0.5111,0.9214
CNN-01-base,CNN-LSTM,por_ticker,NVDA,A,60,66,3,0.3003,0.0152,0.3368,0.321,0.0,0.5083,0.4548,0.2274,0.4091,0.5,40.9,58.6,-0.0839,-1.1605,-0.1117,-0.3312,0.4769,0.9753
CNN-01-base,CNN-LSTM,por_ticker,TSLA,A,60,66,3,0.294,0.2915,0.0,0.3171,0.1929,0.5573,0.2013,0.1971,0.4114,12.7,80.0,7.3,0.6017,-0.9834,0.7362,-0.2188,0.5455,1.3367
CNN-01-base,CNN-LSTM,por_ticker,AMZN,A,60,66,3,0.2878,0.3704,0.4053,0.2955,0.2165,0.2656,0.4045,0.3105,0.325,13.9,15.7,70.5,-0.2559,-0.545,-0.564,-0.4484,0.4744,0.8974
CNN-01-base,CNN-LSTM,por_ticker,MSFT,A,60,66,3,0.3451,0.3097,0.2656,0.3476,0.3534,0.5755,0.1139,0.2337,0.4341,25.7,69.8,4.5,0.1634,-0.0104,0.5945,-0.1117,0.5789,1.2059
CNN-01-base,CNN-LSTM,por_ticker,GOOGL,A,60,66,3,0.3422,0.3891,0.0915,0.2993,0.2778,0.5643,0.0559,0.1669,0.4114,18.4,79.3,2.3,0.1988,-0.8963,0.6634,-0.1749,0.5714,1.2744
CNN-01-base,CNN-LSTM,por_ticker,META,A,60,66,3,0.3089,0.373,0.0,0.2978,0.3388,0.5547,0.0,0.1694,0.4045,27.3,70.9,1.8,0.1115,-0.268,0.261,-0.2986,0.5078,1.0913
CNN-01-base,CNN-LSTM,global,GLOBAL,A,60,66,3,0.336,,,0.3283,0.2342,0.5622,0.1885,0.2114,0.4127,12.8,74.2,13.0,0.8164,-35.8778,0.1895,-0.4713,0.5025,1.071
CNN-01-base,CNN-LSTM,por_ticker,AAPL,C,60,66,3,0.3006,0.3061,0.0,0.3101,0.3448,0.5854,0.0,0.1724,0.4255,37.8,62.2,0.0,0.007,-0.2207,0.0327,-0.2299,0.5352,1.011
CNN-01-base,CNN-LSTM,por_ticker,NVDA,C,60,66,3,0.1844,0.0,0.5234,0.2061,0.0,0.2439,0.3744,0.1872,0.2819,0.0,13.8,86.2,-0.3076,-1.0105,-1.2124,-0.463,0.463,0.7884
CNN-01-base,CNN-LSTM,por_ticker,TSLA,C,60,66,3,0.3499,0.5134,0.2,0.3156,0.3571,0.3759,0.2136,0.2854,0.3245,47.3,21.8,30.9,-0.3513,-1.044,-1.0393,-0.5357,0.4626,0.8153
CNN-01-base,CNN-LSTM,por_ticker,AMZN,C,60,66,3,0.2757,0.0,0.3546,0.3041,0.0,0.48,0.4324,0.2162,0.3936,0.0,50.5,49.5,-0.026,-0.236,-0.118,-0.2435,0.5054,0.9686
CNN-01-base,CNN-LSTM,por_ticker,MSFT,C,60,66,3,0.3274,0.3158,0.2143,0.3472,0.2947,0.5319,0.2151,0.2549,0.3936,21.8,55.9,22.3,-0.0861,-0.3684,-0.6043,-0.1752,0.4337,0.8339
CNN-01-base,CNN-LSTM,por_ticker,GOOGL,C,60,66,3,0.3319,0.3824,0.1493,0.3472,0.3964,0.6452,0.0,0.1982,0.4894,28.2,71.8,0.0,0.187,-0.8166,1.0889,-0.0786,0.5283,1.4155
CNN-01-base,CNN-LSTM,por_ticker,META,C,60,66,3,0.3444,0.2222,0.3411,0.3374,0.25,0.3974,0.3649,0.3074,0.3564,11.7,41.0,47.3,0.0758,-0.0632,0.2877,-0.2136,0.4955,1.0782
CNN-01-base,CNN-LSTM,global,GLOBAL,C,60,66,3,0.3402,,,0.319,0.1532,0.423,0.3808,0.267,0.3571,8.3,34.8,56.9,-0.1243,-11.6562,-0.0728,-0.642,0.4848,0.9827
CNN-01-base,CNN-LSTM,por_ticker,AAPL,B,60,66,3,0.2692,0.2128,0.0299,0.365,0.3,0.6066,0.1882,0.2441,0.4468,18.6,65.4,16.0,-0.1952,-0.4229,-0.9882,-0.2973,0.4769,0.7148
CNN-01-base,CNN-LSTM,por_ticker,NVDA,B,60,66,3,0.2045,0.0833,0.5301,0.1726,0.0392,0.1132,0.3653,0.2023,0.25,0.5,4.8,94.7,-0.3408,-1.0437,-1.3348,-0.506,0.4693,0.7813
CNN-01-base,CNN-LSTM,por_ticker,TSLA,B,60,66,3,0.3695,0.5,0.1429,0.346,0.3415,0.4886,0.2078,0.2746,0.383,38.3,44.7,17.0,0.0603,-0.6324,0.1536,-0.2156,0.4712,1.038
CNN-01-base,CNN-LSTM,por_ticker,AMZN,B,60,66,3,0.3859,0.4277,0.3448,0.322,0.3851,0.3281,0.2529,0.319,0.3351,57.4,25.5,17.0,0.1196,-0.0904,0.4464,-0.1685,0.5286,1.1031
CNN-01-base,CNN-LSTM,por_ticker,MSFT,B,60,66,3,0.3423,0.2286,0.2906,0.3474,0.0667,0.5888,0.3866,0.2266,0.4415,3.2,60.6,36.2,0.0749,-0.2075,0.4848,-0.18,0.473,1.1602
CNN-01-base,CNN-LSTM,por_ticker,GOOGL,B,60,66,3,0.2661,0.0,0.4593,0.2342,0.0,0.3459,0.3568,0.1784,0.2979,0.0,27.1,72.9,-0.4293,-1.433,-2.6847,-0.4747,0.4307,0.5639
CNN-01-base,CNN-LSTM,por_ticker,META,B,60,66,3,0.3267,0.1639,0.4162,0.3262,0.2286,0.3407,0.4094,0.319,0.3511,10.6,29.8,59.6,0.0211,-0.1179,0.0752,-0.2939,0.5076,1.0182
CNN-01-base,CNN-LSTM,global,GLOBAL,B,60,66,3,0.3108,,,0.3044,0.1787,0.3241,0.4102,0.2945,0.3404,8.3,20.4,71.3,-0.5069,-12.0388,-0.3691,-0.6592,0.49,0.9229
