config_id,modelo,tipo,ticker,experimento,n_features,C,l1_ratio,n_seeds,val_f1_macro,val_f1_buy,val_f1_sell,test_f1_macro,test_f1_buy,test_f1_hold,test_f1_sell,test_f1_buy_sell_avg,test_accuracy,test_signal_buy,test_signal_hold,test_signal_sell,cumul_return_test,return_vs_bh_test,sharpe_test,max_drawdown_test,win_rate_test,profit_factor_test,lookback
LR-01-l2-all,LogisticRegression,por_ticker,AAPL,A,61,0.003,,5,0.4025,0.3699,0.3035,0.3374,0.2632,0.4958,0.2533,0.2582,0.37,17.4,52.4,30.2,0.3581,-0.1268,0.6583,-0.1829,0.4916,1.2033,
LR-01-l2-all,LogisticRegression,por_ticker,NVDA,A,61,0.001,,5,0.3627,0.4142,0.3448,0.251,0.026,0.5826,0.1444,0.0852,0.418,0.4,92.2,7.4,0.0206,-2.875,0.0402,-0.1651,0.4872,1.024,
LR-01-l2-all,LogisticRegression,por_ticker,TSLA,A,61,0.001,,5,0.357,0.3604,0.251,0.3951,0.3187,0.4853,0.3812,0.35,0.408,19.8,41.8,38.4,1.6891,0.8598,0.9116,-0.4299,0.5601,1.2296,
LR-01-l2-all,LogisticRegression,por_ticker,AMZN,A,61,1.0,,5,0.3557,0.431,0.2918,0.3869,0.2656,0.4953,0.4,0.3328,0.408,18.6,44.4,37.0,0.7749,0.224,1.0787,-0.1766,0.5432,1.2925,
LR-01-l2-all,LogisticRegression,por_ticker,MSFT,A,61,0.003,,5,0.365,0.3853,0.2029,0.3578,0.3344,0.5439,0.1951,0.2648,0.406,35.6,53.4,11.0,0.0317,-0.3023,0.089,-0.1837,0.4936,1.024,
LR-01-l2-all,LogisticRegression,por_ticker,GOOGL,A,61,0.3,,5,0.3843,0.4138,0.2367,0.3152,0.16,0.3968,0.3888,0.2744,0.346,9.0,35.2,55.8,-0.4457,-1.7344,-1.185,-0.4851,0.4537,0.7762,
LR-01-l2-all,LogisticRegression,por_ticker,META,A,61,0.01,,5,0.3283,0.3914,0.3188,0.317,0.2589,0.2214,0.4708,0.3649,0.358,16.6,11.4,72.0,0.7004,-0.2361,0.7464,-0.4245,0.5034,1.1637,
LR-01-l2-all,LogisticRegression,global,GLOBAL,A,61,0.03,,5,0.3791,0.3848,0.2481,0.3755,0.2714,0.4566,0.3985,0.3349,0.3906,18.6,36.9,44.5,10.2647,-85.767,0.4921,-0.5299,0.5102,1.1222,
LR-01-l2-all,LogisticRegression,por_ticker,AAPL,B,61,0.03,,5,0.3394,0.2264,0.2875,0.3876,0.2923,0.5,0.3704,0.3313,0.4032,26.6,38.7,34.7,0.395,0.2701,1.1404,-0.1679,0.5066,1.3293,
LR-01-l2-all,LogisticRegression,por_ticker,NVDA,B,61,0.03,,5,0.2926,0.0455,0.4651,0.3623,0.3611,0.3494,0.3763,0.3687,0.3629,30.6,19.0,50.4,0.6578,0.3015,1.0697,-0.2681,0.5423,1.2393,
LR-01-l2-all,LogisticRegression,por_ticker,TSLA,B,61,0.003,,5,0.3656,0.2903,0.3333,0.3989,0.2564,0.5192,0.4211,0.3387,0.4234,19.4,40.3,40.3,0.7584,0.5603,1.0292,-0.3374,0.5338,1.2577,
LR-01-l2-all,LogisticRegression,por_ticker,AMZN,B,61,0.01,,5,0.3513,0.18,0.3046,0.4275,0.3148,0.5152,0.4526,0.3837,0.4476,14.5,40.3,45.2,0.6888,0.6329,1.6876,-0.1372,0.5608,1.4747,
LR-01-l2-all,LogisticRegression,por_ticker,MSFT,B,61,0.001,,5,0.3344,0.331,0.1414,0.3712,0.3289,0.5565,0.2281,0.2785,0.4113,33.9,50.4,15.7,-0.1323,-0.3055,-0.7256,-0.2067,0.4715,0.8269,
LR-01-l2-all,LogisticRegression,por_ticker,GOOGL,B,61,0.03,,5,0.3821,0.1856,0.456,0.3843,0.3281,0.4492,0.3757,0.3519,0.3911,20.2,35.9,44.0,-0.1098,-0.7731,-0.4186,-0.3552,0.5094,0.9156,
LR-01-l2-all,LogisticRegression,por_ticker,META,B,61,0.001,,5,0.355,0.2453,0.3158,0.411,0.2963,0.49,0.4468,0.3716,0.4315,14.5,41.9,43.5,1.1788,1.064,2.342,-0.1679,0.5208,1.7903,
LR-01-l2-all,LogisticRegression,global,GLOBAL,B,61,3.0,,5,0.3593,0.2403,0.3905,0.3856,0.2768,0.516,0.3641,0.3205,0.4096,17.9,44.2,37.8,5.8174,2.6182,0.7683,-0.4787,0.499,1.2134,
LR-01-l2-all,LogisticRegression,por_ticker,AAPL,C,61,3.0,,5,0.3569,0.3709,0.3041,0.3421,0.2615,0.4571,0.3077,0.2846,0.3589,26.6,41.1,32.3,0.1698,0.0448,0.5411,-0.1627,0.4863,1.1491,
LR-01-l2-all,LogisticRegression,por_ticker,NVDA,C,61,0.001,,5,0.2932,0.0899,0.3314,0.4061,0.25,0.5294,0.4388,0.3444,0.4395,11.3,34.3,54.4,1.0321,0.6758,1.5531,-0.1743,0.546,1.4111,
LR-01-l2-all,LogisticRegression,por_ticker,TSLA,C,61,0.03,,5,0.3414,0.2385,0.2937,0.3838,0.2951,0.4396,0.4167,0.3559,0.3952,21.4,29.8,48.8,1.0821,0.884,1.2944,-0.2469,0.5287,1.3036,
LR-01-l2-all,LogisticRegression,por_ticker,AMZN,C,61,3.0,,5,0.351,0.1163,0.386,0.3761,0.243,0.4541,0.4314,0.3372,0.3992,14.1,35.1,50.8,0.2316,0.1757,0.7158,-0.2065,0.5342,1.1714,
LR-01-l2-all,LogisticRegression,por_ticker,MSFT,C,61,0.01,,5,0.3502,0.2018,0.2893,0.3684,0.2222,0.5438,0.3392,0.2807,0.4032,16.1,45.2,38.7,-0.138,-0.3112,-0.7262,-0.3053,0.4265,0.8361,
LR-01-l2-all,LogisticRegression,por_ticker,GOOGL,C,61,10.0,,5,0.3491,0.1136,0.4537,0.3036,0.3733,0.1217,0.4156,0.3945,0.3347,29.0,6.9,64.1,0.1356,-0.5277,0.4045,-0.3671,0.5152,1.075,
LR-01-l2-all,LogisticRegression,por_ticker,META,C,61,0.001,,5,0.3627,0.2353,0.3771,0.383,0.2752,0.4192,0.4545,0.3649,0.4032,14.9,28.6,56.5,0.3084,0.1936,0.7619,-0.265,0.4689,1.1845,
LR-01-l2-all,LogisticRegression,global,GLOBAL,C,61,0.001,,5,0.35,0.2248,0.3095,0.3987,0.3011,0.5359,0.3591,0.3301,0.4245,19.9,47.7,32.4,10.658,7.4588,1.0176,-0.3542,0.5176,1.297,
LR-05-l2-shap,LogisticRegression,por_ticker,AAPL,A,20,0.03,,5,0.4013,0.3396,0.3706,0.322,0.2302,0.4527,0.2832,0.2567,0.338,22.2,38.4,39.4,-0.525,-1.0099,-1.5647,-0.5331,0.4058,0.6814,
LR-05-l2-shap,LogisticRegression,por_ticker,NVDA,A,20,0.001,,5,0.3351,0.4312,0.2,0.3861,0.3818,0.5149,0.2617,0.3217,0.414,39.8,46.0,14.2,1.2419,-1.6538,0.9281,-0.3444,0.5222,1.2456,
LR-05-l2-shap,LogisticRegression,por_ticker,TSLA,A,20,0.01,,5,0.3805,0.3958,0.3491,0.3568,0.3377,0.3802,0.3526,0.3451,0.358,31.2,32.8,36.0,1.1492,0.3199,0.7122,-0.3493,0.5536,1.1638,
LR-05-l2-shap,LogisticRegression,por_ticker,AMZN,A,20,0.001,,5,0.3074,0.4095,0.2748,0.3483,0.3849,0.5054,0.1545,0.2697,0.39,33.8,52.2,14.0,0.0226,-0.5283,0.0456,-0.2933,0.5188,1.0115,
LR-05-l2-shap,LogisticRegression,por_ticker,MSFT,A,20,0.001,,5,0.3202,0.4187,0.2885,0.3136,0.3316,0.4679,0.1413,0.2364,0.356,48.2,45.0,6.8,0.0352,-0.2988,0.0984,-0.2219,0.52,1.0244,
LR-05-l2-shap,LogisticRegression,por_ticker,GOOGL,A,20,0.03,,5,0.3411,0.4608,0.218,0.3507,0.3553,0.4888,0.208,0.2816,0.378,29.8,49.8,20.4,-0.4023,-1.6909,-1.1557,-0.4297,0.4741,0.7586,
LR-05-l2-shap,LogisticRegression,por_ticker,META,A,20,0.003,,5,0.3349,0.423,0.2812,0.348,0.3281,0.4787,0.2373,0.2827,0.374,35.2,48.4,16.4,-0.249,-1.1856,-0.5109,-0.342,0.5,0.878,
LR-05-l2-shap,LogisticRegression,global,GLOBAL,A,20,0.01,,5,0.3418,0.4121,0.257,0.3682,0.3821,0.4682,0.2542,0.3182,0.3871,37.8,43.3,19.0,22.5862,-73.4455,0.6561,-0.5979,0.5378,1.175,
LR-05-l2-shap,LogisticRegression,por_ticker,AAPL,B,20,0.3,,5,0.3213,0.2158,0.2837,0.3587,0.3165,0.4776,0.2821,0.2993,0.371,30.2,37.5,32.3,-0.1775,-0.3025,-0.6807,-0.3427,0.4387,0.8425,
LR-05-l2-shap,LogisticRegression,por_ticker,NVDA,B,20,0.03,,5,0.4044,0.3862,0.3453,0.4077,0.3115,0.626,0.2857,0.2986,0.4718,21.8,57.7,20.6,0.5496,0.1933,1.0543,-0.2281,0.5619,1.3381,
LR-05-l2-shap,LogisticRegression,por_ticker,TSLA,B,20,10.0,,5,0.3763,0.3194,0.3975,0.4219,0.3259,0.5248,0.4151,0.3705,0.4355,26.6,37.9,35.5,0.4709,0.2728,0.7033,-0.4353,0.539,1.1636,
LR-05-l2-shap,LogisticRegression,por_ticker,AMZN,B,20,3.0,,5,0.3792,0.3066,0.268,0.3551,0.3217,0.5182,0.2256,0.2736,0.3831,28.6,49.2,22.2,-0.0098,-0.0657,-0.0372,-0.3033,0.5079,0.9909,
LR-05-l2-shap,LogisticRegression,por_ticker,MSFT,B,20,3.0,,5,0.312,0.3439,0.069,0.3929,0.3659,0.5487,0.2642,0.315,0.4274,38.7,48.8,12.5,0.1357,-0.0375,0.6887,-0.1065,0.5512,1.188,
LR-05-l2-shap,LogisticRegression,por_ticker,GOOGL,B,20,10.0,,5,0.3426,0.3718,0.2,0.4056,0.3623,0.5641,0.2903,0.3263,0.4395,24.2,54.8,21.0,0.0622,-0.6011,0.2492,-0.2201,0.5268,1.0626,
LR-05-l2-shap,LogisticRegression,por_ticker,META,B,20,0.3,,5,0.3448,0.3846,0.1593,0.3703,0.3418,0.4706,0.2985,0.3201,0.3831,34.7,43.5,21.8,-0.0809,-0.1957,-0.2824,-0.2271,0.5143,0.9348,
LR-05-l2-shap,LogisticRegression,global,GLOBAL,B,20,0.1,,5,0.3669,0.3643,0.2497,0.3713,0.3691,0.4993,0.2455,0.3073,0.3957,36.6,44.6,18.8,1.0425,-2.1567,0.2891,-0.592,0.5291,1.0744,
LR-05-l2-shap,LogisticRegression,por_ticker,AAPL,C,20,0.3,,5,0.3234,0.1636,0.2645,0.3659,0.2774,0.5182,0.3022,0.2898,0.3911,29.4,45.2,25.4,-0.0341,-0.159,-0.1246,-0.2449,0.4559,0.9674,
LR-05-l2-shap,LogisticRegression,por_ticker,NVDA,C,20,0.03,,5,0.4006,0.3862,0.349,0.3958,0.3226,0.6273,0.2376,0.2801,0.4718,22.6,61.3,16.1,0.4847,0.1284,1.0018,-0.2308,0.5521,1.3362,
LR-05-l2-shap,LogisticRegression,por_ticker,TSLA,C,20,3.0,,5,0.4031,0.3256,0.3796,0.3828,0.2742,0.5044,0.3699,0.322,0.4073,22.2,47.6,30.2,0.4413,0.2431,0.7077,-0.354,0.5385,1.1868,
LR-05-l2-shap,LogisticRegression,por_ticker,AMZN,C,20,3.0,,5,0.32,0.2727,0.1573,0.3609,0.36,0.5112,0.2114,0.2857,0.3911,31.5,50.4,18.1,-0.0767,-0.1326,-0.3043,-0.2816,0.5203,0.9266,
LR-05-l2-shap,LogisticRegression,por_ticker,MSFT,C,20,0.3,,5,0.333,0.2593,0.1739,0.3773,0.3143,0.5394,0.2783,0.2963,0.4153,29.0,54.8,16.1,0.0467,-0.1265,0.2546,-0.1218,0.5268,1.0709,
LR-05-l2-shap,LogisticRegression,por_ticker,GOOGL,C,20,0.1,,5,0.3561,0.3733,0.2308,0.4112,0.411,0.5523,0.2703,0.3406,0.4476,27.4,56.9,15.7,0.4719,-0.1914,1.647,-0.1508,0.5888,1.5205,
LR-05-l2-shap,LogisticRegression,por_ticker,META,C,20,0.1,,5,0.3718,0.384,0.2087,0.378,0.3436,0.478,0.3125,0.328,0.3911,36.7,44.0,19.4,-0.0562,-0.171,-0.1933,-0.2345,0.4964,0.9547,
LR-05-l2-shap,LogisticRegression,global,GLOBAL,C,20,0.03,,5,0.355,0.3551,0.2031,0.3778,0.372,0.5182,0.243,0.3075,0.4073,34.3,47.9,17.9,2.5314,-0.6678,0.5166,-0.5627,0.5348,1.1396,
LR-03-l1-all,LogisticRegression,por_ticker,AAPL,A,61,0.1,,5,0.4053,0.3713,0.2937,0.3558,0.288,0.4813,0.2981,0.2931,0.374,21.8,43.6,34.6,0.3596,-0.1253,0.6313,-0.1973,0.4823,1.173,
LR-03-l1-all,LogisticRegression,por_ticker,NVDA,A,61,0.1,,5,0.3668,0.3345,0.3503,0.3097,0.0131,0.5303,0.3859,0.1995,0.398,0.2,54.8,45.0,-0.5396,-3.4353,-0.9604,-0.6268,0.4602,0.7855,
LR-03-l1-all,LogisticRegression,por_ticker,TSLA,A,61,0.1,,5,0.3418,0.3793,0.1972,0.4038,0.3603,0.4655,0.3858,0.373,0.41,24.0,38.4,37.6,3.0462,2.217,1.2671,-0.4495,0.5584,1.3223,
LR-03-l1-all,LogisticRegression,por_ticker,AMZN,A,61,1.0,,5,0.3592,0.4184,0.2955,0.3863,0.2578,0.5058,0.3953,0.3266,0.412,15.4,45.8,38.8,0.6809,0.13,0.9536,-0.1882,0.5461,1.2587,
LR-03-l1-all,LogisticRegression,por_ticker,MSFT,A,61,0.01,,5,0.398,0.4185,0.2415,0.3475,0.3667,0.4678,0.2081,0.2874,0.374,44.2,41.6,14.2,0.2347,-0.0993,0.5673,-0.253,0.5274,1.1451,
LR-03-l1-all,LogisticRegression,por_ticker,GOOGL,A,61,10.0,,5,0.3838,0.4237,0.2358,0.3236,0.1923,0.3946,0.3839,0.2881,0.348,10.6,34.6,54.8,-0.4359,-1.7245,-1.1469,-0.4876,0.4526,0.7837,
LR-03-l1-all,LogisticRegression,por_ticker,META,A,61,0.01,,5,0.3655,0.3955,0.1325,0.3646,0.3569,0.5157,0.2212,0.2891,0.402,31.2,54.4,14.4,-0.0703,-1.0068,-0.1312,-0.2651,0.5044,0.9653,
LR-03-l1-all,LogisticRegression,global,GLOBAL,A,61,1.0,,5,0.3779,0.3834,0.2462,0.3751,0.2766,0.4543,0.3943,0.3354,0.3891,19.0,36.8,44.3,11.7082,-84.3236,0.5172,-0.5534,0.5102,1.1289,
LR-03-l1-all,LogisticRegression,por_ticker,AAPL,B,61,1.0,,5,0.3275,0.2602,0.3243,0.3884,0.2923,0.4902,0.3827,0.3375,0.4032,26.6,38.7,34.7,0.3885,0.2636,1.1262,-0.1909,0.5132,1.3265,
LR-03-l1-all,LogisticRegression,por_ticker,NVDA,B,61,0.1,,5,0.3147,0.0851,0.419,0.4168,0.3103,0.5171,0.4229,0.3666,0.4355,19.4,34.7,46.0,1.1042,0.7479,1.6324,-0.265,0.5679,1.4388,
LR-03-l1-all,LogisticRegression,por_ticker,TSLA,B,61,1.0,,5,0.3528,0.303,0.4076,0.3682,0.2537,0.4294,0.4216,0.3377,0.379,26.2,27.8,46.0,0.1214,-0.0767,0.2009,-0.3939,0.5196,1.0414,
LR-03-l1-all,LogisticRegression,por_ticker,AMZN,B,61,0.1,,5,0.3468,0.1961,0.3077,0.4354,0.3333,0.5073,0.4656,0.3995,0.4556,12.1,43.1,44.8,1.215,1.1591,2.6179,-0.1266,0.5674,1.8752,
LR-03-l1-all,LogisticRegression,por_ticker,MSFT,B,61,0.1,,5,0.3889,0.3179,0.3284,0.3733,0.2946,0.5478,0.2774,0.286,0.4073,24.6,50.4,25.0,-0.0136,-0.1867,-0.0659,-0.2489,0.4715,0.9828,
LR-03-l1-all,LogisticRegression,por_ticker,GOOGL,B,61,10.0,,5,0.3535,0.1333,0.439,0.3742,0.3231,0.4205,0.3789,0.351,0.379,21.0,31.5,47.6,-0.092,-0.7553,-0.3387,-0.4095,0.5176,0.9332,
LR-03-l1-all,LogisticRegression,por_ticker,META,B,61,0.01,,5,0.2828,0.3543,0.0,0.3245,0.4318,0.5417,0.0,0.2159,0.4153,41.9,58.1,0.0,0.2404,0.1256,0.7411,-0.2903,0.5577,1.225,
LR-03-l1-all,LogisticRegression,global,GLOBAL,B,61,10.0,,5,0.3579,0.2387,0.3869,0.382,0.2754,0.5127,0.3579,0.3167,0.4055,18.1,44.1,37.7,3.7999,0.6007,0.6282,-0.4704,0.4948,1.1714,
LR-03-l1-all,LogisticRegression,por_ticker,AAPL,C,61,10.0,,5,0.3464,0.3822,0.3103,0.3527,0.2727,0.4541,0.3312,0.302,0.3669,27.4,39.9,32.7,0.2473,0.1224,0.7619,-0.1264,0.5101,1.2149,
LR-03-l1-all,LogisticRegression,por_ticker,NVDA,C,61,0.1,,5,0.316,0.0899,0.4534,0.3817,0.2833,0.4385,0.4233,0.3533,0.3952,21.0,27.4,51.6,1.1188,0.7625,1.6151,-0.2058,0.5667,1.4079,
LR-03-l1-all,LogisticRegression,por_ticker,TSLA,C,61,10.0,,5,0.3461,0.2479,0.3729,0.3694,0.2835,0.4333,0.3915,0.3375,0.379,23.4,29.0,47.6,0.2449,0.0467,0.3864,-0.381,0.4886,1.0818,
LR-03-l1-all,LogisticRegression,por_ticker,AMZN,C,61,10.0,,5,0.351,0.1163,0.386,0.3823,0.2593,0.4541,0.4335,0.3464,0.4032,14.5,35.1,50.4,0.2795,0.2236,0.8481,-0.2065,0.5404,1.2065,
LR-03-l1-all,LogisticRegression,por_ticker,MSFT,C,61,0.1,,5,0.3381,0.2571,0.2571,0.3679,0.2667,0.5551,0.2819,0.2743,0.4032,21.0,49.2,29.8,-0.0153,-0.1885,-0.0739,-0.3234,0.4206,0.9811,
LR-03-l1-all,LogisticRegression,por_ticker,GOOGL,C,61,1.0,,5,0.3468,0.1395,0.4332,0.3664,0.3885,0.2963,0.4144,0.4015,0.375,24.6,14.9,60.5,0.2262,-0.4371,0.6565,-0.3565,0.5308,1.1292,
LR-03-l1-all,LogisticRegression,por_ticker,META,C,61,10.0,,5,0.2692,0.0,0.4409,0.3322,0.1667,0.4142,0.4156,0.2911,0.3669,9.7,29.4,60.9,-0.0182,-0.1331,-0.0548,-0.2852,0.4743,0.988,
LR-03-l1-all,LogisticRegression,global,GLOBAL,C,61,0.01,,5,0.3463,0.2839,0.294,0.4059,0.3501,0.5487,0.319,0.3345,0.432,25.7,49.0,25.3,9.3981,6.1989,0.9569,-0.3392,0.5158,1.2839,
LR-02-elasticnet-all,LogisticRegression,por_ticker,AAPL,A,61,0.1,0.8,5,0.4064,0.3713,0.3004,0.363,0.2972,0.487,0.3049,0.301,0.38,21.6,42.6,35.8,0.3826,-0.1023,0.6623,-0.2,0.4774,1.1799,
LR-02-elasticnet-all,LogisticRegression,por_ticker,NVDA,A,61,0.01,0.2,5,0.3834,0.3792,0.323,0.305,0.013,0.5504,0.3515,0.1823,0.402,0.4,62.2,37.4,-0.5274,-3.423,-0.9754,-0.5417,0.4444,0.7652,
LR-02-elasticnet-all,LogisticRegression,por_ticker,TSLA,A,61,0.01,0.5,5,0.3771,0.3574,0.2805,0.3983,0.3311,0.5246,0.3394,0.3352,0.416,28.8,45.6,25.6,1.0873,0.258,0.6855,-0.3947,0.5625,1.1717,
LR-02-elasticnet-all,LogisticRegression,por_ticker,AMZN,A,61,0.01,0.5,5,0.3716,0.4222,0.2026,0.3345,0.2415,0.5629,0.1991,0.2203,0.416,11.8,74.0,14.2,0.1959,-0.355,0.4176,-0.2097,0.5077,1.1541,
LR-02-elasticnet-all,LogisticRegression,por_ticker,MSFT,A,61,0.01,0.8,5,0.3913,0.4236,0.2283,0.3496,0.3523,0.5034,0.1932,0.2728,0.386,42.6,46.0,11.4,0.1891,-0.1449,0.4704,-0.2776,0.5259,1.1233,
LR-02-elasticnet-all,LogisticRegression,por_ticker,GOOGL,A,61,0.01,0.8,5,0.3846,0.4251,0.172,0.3716,0.3478,0.5411,0.2259,0.2869,0.408,28.8,53.0,18.2,-0.2108,-1.4994,-0.5141,-0.3588,0.4894,0.8798,
LR-02-elasticnet-all,LogisticRegression,por_ticker,META,A,61,0.01,0.8,5,0.3631,0.4178,0.1404,0.3593,0.351,0.5076,0.2194,0.2852,0.392,32.2,51.2,16.6,-0.0565,-0.993,-0.0995,-0.3206,0.4754,0.974,
LR-02-elasticnet-all,LogisticRegression,global,GLOBAL,A,61,0.01,0.2,5,0.3789,0.3785,0.2512,0.38,0.2824,0.4774,0.3801,0.3313,0.3951,20.0,39.6,40.4,4.8728,-91.1589,0.3607,-0.6928,0.5095,1.0903,
LR-02-elasticnet-all,LogisticRegression,por_ticker,AAPL,B,61,0.1,0.2,5,0.3424,0.2202,0.3371,0.3949,0.2969,0.5073,0.3804,0.3386,0.4113,25.8,39.1,35.1,0.4932,0.3683,1.3751,-0.1679,0.5099,1.4106,
LR-02-elasticnet-all,LogisticRegression,por_ticker,NVDA,B,61,0.01,0.2,5,0.3783,0.3226,0.3626,0.4305,0.2887,0.5702,0.4327,0.3607,0.4677,11.7,44.0,44.4,1.8705,1.5142,2.3714,-0.1949,0.5612,1.7699,
LR-02-elasticnet-all,LogisticRegression,por_ticker,TSLA,B,61,0.1,0.2,5,0.3585,0.3359,0.3936,0.3658,0.224,0.4649,0.4086,0.3163,0.3831,22.6,31.0,46.4,-0.1977,-0.3958,-0.3887,-0.4301,0.5263,0.9229,
LR-02-elasticnet-all,LogisticRegression,por_ticker,AMZN,B,61,0.1,0.5,5,0.3529,0.1616,0.3596,0.4297,0.297,0.5226,0.4694,0.3832,0.4556,11.7,40.7,47.6,0.7,0.6441,1.7075,-0.1304,0.5578,1.4823,
LR-02-elasticnet-all,LogisticRegression,por_ticker,MSFT,B,61,0.1,0.8,5,0.3624,0.2759,0.3,0.3747,0.2645,0.5541,0.3056,0.285,0.4113,21.4,50.8,27.8,0.0162,-0.157,0.0774,-0.2525,0.459,1.0206,
LR-02-elasticnet-all,LogisticRegression,por_ticker,GOOGL,B,61,0.1,0.2,5,0.3752,0.1915,0.4433,0.387,0.315,0.4481,0.3978,0.3564,0.3952,19.8,34.3,46.0,-0.0994,-0.7627,-0.3744,-0.3558,0.5031,0.9254,
LR-02-elasticnet-all,LogisticRegression,por_ticker,META,B,61,0.01,0.5,5,0.3566,0.2969,0.2791,0.3865,0.3576,0.5479,0.254,0.3058,0.4153,31.9,49.6,18.5,-0.0918,-0.2066,-0.3038,-0.3341,0.424,0.926,
LR-02-elasticnet-all,LogisticRegression,global,GLOBAL,B,61,0.01,0.8,5,0.3636,0.301,0.3143,0.4167,0.3527,0.5516,0.3459,0.3493,0.4407,23.3,48.3,28.4,20.5587,17.3595,1.2516,-0.4191,0.5156,1.378,
LR-02-elasticnet-all,LogisticRegression,por_ticker,AAPL,C,61,0.1,0.5,5,0.3465,0.281,0.2585,0.3686,0.3172,0.4831,0.3056,0.3114,0.3831,32.7,39.9,27.4,0.1952,0.0703,0.6111,-0.1285,0.5168,1.1663,
LR-02-elasticnet-all,LogisticRegression,por_ticker,NVDA,C,61,0.01,0.5,5,0.3192,0.2256,0.2968,0.299,0.0,0.4787,0.4184,0.2092,0.3831,0.4,27.8,71.8,-0.0738,-0.4301,-0.1636,-0.4478,0.4804,0.9662,
LR-02-elasticnet-all,LogisticRegression,por_ticker,TSLA,C,61,1.0,0.2,5,0.3519,0.2373,0.3669,0.3587,0.256,0.4222,0.3979,0.327,0.371,22.6,29.0,48.4,0.307,0.1088,0.4696,-0.381,0.4886,1.1005,
LR-02-elasticnet-all,LogisticRegression,por_ticker,AMZN,C,61,10.0,0.2,5,0.351,0.1163,0.3905,0.379,0.2569,0.4565,0.4236,0.3403,0.3992,14.9,34.7,50.4,0.1902,0.1343,0.5976,-0.2065,0.5309,1.1406,
LR-02-elasticnet-all,LogisticRegression,por_ticker,MSFT,C,61,0.1,0.5,5,0.3402,0.2205,0.3204,0.3824,0.2456,0.5622,0.3394,0.2925,0.4153,18.5,45.2,36.3,-0.1048,-0.278,-0.5221,-0.311,0.4118,0.879,
LR-02-elasticnet-all,LogisticRegression,por_ticker,GOOGL,C,61,1.0,0.8,5,0.3502,0.1395,0.4312,0.3563,0.3857,0.2707,0.4126,0.3991,0.3669,25.0,14.1,60.9,0.2375,-0.4258,0.6858,-0.3522,0.5352,1.135,
LR-02-elasticnet-all,LogisticRegression,por_ticker,META,C,61,0.01,0.5,5,0.2776,0.3636,0.0,0.3572,0.3827,0.4952,0.1935,0.2881,0.3831,36.3,46.0,17.7,-0.3261,-0.4409,-1.2998,-0.442,0.4179,0.7307,
LR-02-elasticnet-all,LogisticRegression,global,GLOBAL,C,61,0.01,0.8,5,0.3704,0.306,0.3288,0.3955,0.3355,0.5406,0.3104,0.3229,0.4217,25.6,48.6,25.7,4.2426,1.0434,0.683,-0.4998,0.5022,1.1939,
LSTM-02-bi,LSTM,por_ticker,AAPL,A,61,,,3,0.3715,0.3433,0.2381,0.3515,0.2557,0.5669,0.2318,0.2437,0.4146,17.1,64.2,18.8,-0.1886,-0.6835,-0.5488,-0.3097,0.5058,0.8433,20.0
LSTM-02-bi,LSTM,por_ticker,NVDA,A,61,,,3,0.3509,0.3435,0.0966,0.293,0.0,0.5583,0.3208,0.1604,0.4021,0.2,67.9,31.9,-0.4164,-2.4662,-0.8122,-0.4509,0.4351,0.7859,20.0
LSTM-02-bi,LSTM,por_ticker,TSLA,A,61,,,3,0.3297,0.2868,0.1863,0.3544,0.2762,0.5112,0.2759,0.276,0.3958,18.3,62.5,19.2,1.176,-0.2503,0.9569,-0.3596,0.55,1.306,20.0
LSTM-02-bi,LSTM,por_ticker,AMZN,A,61,,,3,0.3573,0.3559,0.2966,0.3506,0.2146,0.5451,0.2921,0.2534,0.4042,12.9,61.5,25.6,-0.0459,-0.5442,-0.1112,-0.2423,0.4757,0.9695,20.0
LSTM-02-bi,LSTM,por_ticker,MSFT,A,61,,,3,0.3541,0.3415,0.3232,0.3972,0.3282,0.456,0.4072,0.3677,0.4042,27.1,34.2,38.8,0.3615,0.1171,0.8299,-0.1249,0.5538,1.2,20.0
LSTM-02-bi,LSTM,por_ticker,GOOGL,A,61,,,3,0.3548,0.4037,0.2214,0.3505,0.288,0.4853,0.2781,0.2831,0.3688,21.0,46.0,32.9,-0.3386,-1.5957,-0.9701,-0.4683,0.4479,0.8044,20.0
LSTM-02-bi,LSTM,por_ticker,META,A,61,,,3,0.3376,0.4274,0.0556,0.3425,0.3764,0.556,0.0952,0.2358,0.4146,28.7,63.5,7.7,-0.0957,-0.8146,-0.1995,-0.2562,0.48,0.9422,20.0
LSTM-02-bi,LSTM,global,GLOBAL,A,61,,,3,0.3589,,,0.3361,0.1585,0.5482,0.3016,0.2301,0.4071,8.2,66.9,25.0,-0.5403,-79.5566,-0.2096,-0.689,0.4969,0.9349,20.0
LSTM-02-bi,LSTM,por_ticker,AAPL,C,61,,,3,0.2624,0.4074,0.0,0.3218,0.4286,0.459,0.0779,0.2532,0.3816,60.1,36.0,3.9,0.2452,0.0421,0.8068,-0.3022,0.5616,1.2236,20.0
LSTM-02-bi,LSTM,por_ticker,NVDA,C,61,,,3,0.2353,0.0,0.5017,0.2772,0.0,0.4615,0.37,0.185,0.3596,0.0,35.1,64.9,-0.1633,-0.7713,-0.4782,-0.3817,0.4595,0.9007,20.0
LSTM-02-bi,LSTM,por_ticker,TSLA,C,61,,,3,0.2554,0.4123,0.0286,0.2987,0.3738,0.4651,0.0571,0.2155,0.3596,65.8,31.6,2.6,-0.2433,-0.4277,-0.5263,-0.4244,0.4872,0.8967,20.0
LSTM-02-bi,LSTM,por_ticker,AMZN,C,61,,,3,0.2252,0.0964,0.0513,0.3634,0.3411,0.5333,0.2157,0.2784,0.4079,28.5,59.2,12.3,0.1189,0.1395,0.4689,-0.2212,0.4731,1.1389,20.0
LSTM-02-bi,LSTM,por_ticker,MSFT,C,61,,,3,0.3337,0.3115,0.3353,0.311,0.2937,0.48,0.1593,0.2265,0.3421,35.5,44.3,20.2,-0.15,-0.345,-0.8891,-0.188,0.4567,0.7951,20.0
LSTM-02-bi,LSTM,por_ticker,GOOGL,C,61,,,3,0.3719,0.3407,0.3134,0.377,0.4161,0.6,0.1149,0.2655,0.4474,35.1,55.3,9.6,0.1162,-0.4495,0.4663,-0.2243,0.4804,1.123,20.0
LSTM-02-bi,LSTM,por_ticker,META,C,61,,,3,0.3154,0.0857,0.3053,0.3096,0.0312,0.4873,0.4103,0.2208,0.3904,0.4,46.9,52.6,0.124,0.1662,0.3879,-0.2846,0.4711,1.1055,20.0
LSTM-02-bi,LSTM,global,GLOBAL,C,61,,,3,0.3707,,,0.3702,0.3565,0.4735,0.2806,0.3186,0.3828,34.5,38.3,27.1,0.4494,-2.5727,0.1627,-0.6315,0.4959,1.039,20.0
LSTM-02-bi,LSTM,por_ticker,AAPL,A,61,,,3,0.3499,0.2946,0.2077,0.3481,0.2186,0.569,0.2566,0.2376,0.4159,13.0,64.5,22.5,-0.1873,-0.7928,-0.5938,-0.2562,0.4679,0.8255,60.0
LSTM-02-bi,LSTM,por_ticker,NVDA,A,61,,,3,0.3077,0.3875,0.0,0.3844,0.2797,0.5672,0.3064,0.293,0.4205,24.3,51.6,24.1,-0.5421,-1.6187,-1.0536,-0.6308,0.4695,0.7707,60.0
LSTM-02-bi,LSTM,por_ticker,TSLA,A,61,,,3,0.3462,0.2731,0.2667,0.3634,0.2365,0.5178,0.3359,0.2862,0.4,14.1,56.6,29.3,1.038,-0.5471,0.8552,-0.4707,0.5445,1.2459,60.0
LSTM-02-bi,LSTM,por_ticker,AMZN,A,61,,,3,0.2748,0.4317,0.0,0.3188,0.4567,0.4568,0.0429,0.2498,0.3909,56.4,42.5,1.1,0.6644,0.3753,1.1266,-0.2823,0.5613,1.2939,60.0
LSTM-02-bi,LSTM,por_ticker,MSFT,A,61,,,3,0.2924,0.3865,0.0,0.3043,0.381,0.532,0.0,0.1905,0.3909,49.3,50.7,0.0,0.0482,-0.1256,0.1513,-0.1402,0.5346,1.0387,60.0
LSTM-02-bi,LSTM,por_ticker,GOOGL,A,61,,,3,0.3401,0.367,0.2288,0.37,0.2396,0.48,0.3905,0.3151,0.3932,13.0,40.5,46.6,-0.0575,-1.1526,-0.1406,-0.3072,0.4542,0.9703,60.0
LSTM-02-bi,LSTM,por_ticker,META,A,61,,,3,0.305,0.3964,0.0,0.3271,0.4063,0.5349,0.04,0.2232,0.4045,43.9,53.0,3.2,0.1554,-0.2242,0.2893,-0.335,0.5121,1.0788,60.0
LSTM-02-bi,LSTM,global,GLOBAL,A,61,,,3,0.3338,,,0.3388,0.2202,0.5493,0.2469,0.2336,0.4075,13.1,69.4,17.6,0.7346,-35.9596,0.17,-0.4488,0.5074,1.0576,60.0
LSTM-02-bi,LSTM,por_ticker,AAPL,C,61,,,3,0.1981,0.453,0.0,0.1833,0.3814,0.0215,0.1471,0.2642,0.25,90.4,2.7,6.9,0.2726,0.0449,0.9842,-0.2299,0.5519,1.2383,60.0
LSTM-02-bi,LSTM,por_ticker,NVDA,C,61,,,3,0.1744,0.0,0.5231,0.1445,0.0,0.0909,0.3426,0.1713,0.2234,0.0,6.9,93.1,-0.4304,-1.1333,-1.832,-0.5583,0.44,0.7076,60.0
LSTM-02-bi,LSTM,por_ticker,TSLA,C,61,,,3,0.1818,0.5455,0.0,0.1423,0.4268,0.0,0.0,0.2134,0.2713,100.0,0.0,0.0,0.6927,0.0,1.1823,-0.2155,0.5372,1.2284,60.0
LSTM-02-bi,LSTM,por_ticker,AMZN,C,61,,,3,0.3567,0.4125,0.3529,0.3195,0.4,0.2222,0.3363,0.3681,0.3298,54.3,14.9,30.9,0.3109,0.1008,1.0838,-0.1577,0.5188,1.2448,60.0
LSTM-02-bi,LSTM,por_ticker,MSFT,C,61,,,3,0.3251,0.2,0.3529,0.3318,0.1017,0.5474,0.3465,0.2241,0.4096,2.7,56.9,40.4,-0.0963,-0.3787,-0.6833,-0.2374,0.4691,0.8125,60.0
LSTM-02-bi,LSTM,por_ticker,GOOGL,C,61,,,3,0.2222,0.2151,0.4516,0.2037,0.2697,0.0,0.3415,0.3056,0.25,16.5,0.0,83.5,-0.3679,-1.3716,-1.9325,-0.4667,0.4309,0.7125,60.0
LSTM-02-bi,LSTM,por_ticker,META,C,61,,,3,0.3947,0.4444,0.322,0.3099,0.2947,0.2521,0.3827,0.3387,0.3191,23.9,21.3,54.8,-0.0045,-0.1435,-0.0162,-0.3111,0.5,0.9963,60.0
LSTM-02-bi,LSTM,global,GLOBAL,C,61,,,3,0.3661,,,0.3517,0.3397,0.4329,0.2826,0.3112,0.3602,28.0,36.5,35.5,0.8742,-10.6577,0.3431,-0.548,0.4856,1.0851,60.0
LSTM-02-bi,LSTM,por_ticker,AAPL,B,61,,,3,0.2785,0.3281,0.0,0.351,0.3019,0.567,0.1842,0.243,0.4149,32.4,56.4,11.2,-0.1302,-0.3579,-0.6222,-0.3464,0.5366,0.8249,60.0
LSTM-02-bi,LSTM,por_ticker,NVDA,B,61,,,3,0.2973,0.1389,0.4865,0.3011,0.0377,0.5031,0.3625,0.2001,0.3777,1.6,35.1,63.3,-0.304,-1.0068,-1.2592,-0.4477,0.4508,0.7537,60.0
LSTM-02-bi,LSTM,por_ticker,TSLA,B,61,,,3,0.2618,0.5091,0.2222,0.2913,0.3529,0.2542,0.2667,0.3098,0.2979,54.3,13.8,31.9,-0.1339,-0.8266,-0.3348,-0.3979,0.4815,0.9391,60.0
LSTM-02-bi,LSTM,por_ticker,AMZN,B,61,,,3,0.2951,0.5048,0.1212,0.2493,0.4393,0.1837,0.125,0.2821,0.3191,85.6,9.6,4.8,0.3218,0.1118,1.1531,-0.1464,0.5588,1.2458,60.0
LSTM-02-bi,LSTM,por_ticker,MSFT,B,61,,,3,0.2568,0.0,0.4444,0.3153,0.0,0.5096,0.4364,0.2182,0.4043,0.0,39.4,60.6,-0.0981,-0.3805,-0.6602,-0.2296,0.4737,0.8457,60.0
LSTM-02-bi,LSTM,por_ticker,GOOGL,B,61,,,3,0.3285,0.2927,0.2957,0.4147,0.4386,0.5714,0.234,0.3363,0.4468,29.8,45.7,24.5,0.0315,-0.9722,0.1603,-0.2531,0.5098,1.0376,60.0
LSTM-02-bi,LSTM,por_ticker,META,B,61,,,3,0.3681,0.3226,0.3387,0.3006,0.2308,0.3378,0.3333,0.2821,0.3138,14.9,36.7,48.4,0.2543,0.1153,0.8312,-0.1904,0.5462,1.2397,60.0
LSTM-02-bi,LSTM,global,GLOBAL,B,61,,,3,0.3657,,,0.37,0.3013,0.5225,0.2861,0.2937,0.3997,24.0,47.1,28.9,1.1594,-10.3725,0.4327,-0.4064,0.4914,1.12,60.0
LSTM-01-stack,LSTM,por_ticker,AAPL,B,61,,,3,0.2993,0.3889,0.0278,0.3515,0.3206,0.5288,0.2051,0.2629,0.386,31.6,46.9,21.5,-0.3459,-0.549,-1.6012,-0.4549,0.4628,0.6444,20.0
LSTM-01-stack,LSTM,por_ticker,NVDA,B,61,,,3,0.2636,0.0,0.472,0.3149,0.0606,0.5146,0.3696,0.2151,0.3904,2.2,39.9,57.9,0.0196,-0.5885,0.053,-0.4121,0.4672,1.0121,20.0
LSTM-01-stack,LSTM,por_ticker,TSLA,B,61,,,3,0.1842,0.524,0.0286,0.1425,0.4276,0.0,0.0,0.2138,0.2719,99.1,0.0,0.9,0.0088,-0.1756,0.0152,-0.5182,0.5044,1.0026,20.0
LSTM-01-stack,LSTM,por_ticker,AMZN,B,61,,,3,0.4019,0.4179,0.2353,0.3406,0.375,0.48,0.1667,0.2708,0.3772,42.1,48.2,9.6,0.1645,0.1851,0.6018,-0.2782,0.5,1.1585,20.0
LSTM-01-stack,LSTM,por_ticker,MSFT,B,61,,,3,0.3161,0.1882,0.3275,0.3668,0.186,0.5217,0.3926,0.2893,0.4123,10.5,47.4,42.1,0.1131,-0.0819,0.5824,-0.1878,0.4667,1.1626,20.0
LSTM-01-stack,LSTM,por_ticker,GOOGL,B,61,,,3,0.3203,0.2787,0.2336,0.3722,0.3636,0.5957,0.1573,0.2605,0.443,27.6,61.8,10.5,0.067,-0.4987,0.3199,-0.2217,0.4943,1.0895,20.0
LSTM-01-stack,LSTM,por_ticker,META,B,61,,,3,0.3053,0.1795,0.1573,0.3623,0.3048,0.562,0.2202,0.2625,0.4211,18.4,66.7,14.9,-0.2001,-0.158,-0.8458,-0.2053,0.5,0.7706,20.0
LSTM-01-stack,LSTM,global,GLOBAL,B,61,,,3,0.3253,,,0.3602,0.3733,0.5626,0.1447,0.259,0.4217,37.1,53.9,9.0,0.6841,-2.338,0.2445,-0.551,0.5116,1.0695,20.0
LSTM-01-stack,LSTM,por_ticker,AAPL,B,61,,,3,0.3003,0.4337,0.0,0.3,0.3973,0.5029,0.0,0.1986,0.3883,53.7,46.3,0.0,0.2252,-0.0025,0.8902,-0.2299,0.5941,1.2858,60.0
LSTM-01-stack,LSTM,por_ticker,NVDA,B,61,,,3,0.2882,0.0,0.5024,0.3024,0.0,0.5871,0.32,0.16,0.4202,0.0,55.3,44.7,-0.2507,-0.9536,-1.1113,-0.3859,0.4524,0.7336,60.0
LSTM-01-stack,LSTM,por_ticker,TSLA,B,61,,,3,0.2657,0.5506,0.2466,0.188,0.4306,0.0,0.1333,0.282,0.266,84.0,0.0,16.0,0.1869,-0.5058,0.3839,-0.4128,0.5053,1.069,60.0
LSTM-01-stack,LSTM,por_ticker,AMZN,B,61,,,3,0.3606,0.4337,0.2051,0.343,0.4524,0.4,0.1765,0.3144,0.383,61.2,31.9,6.9,0.5545,0.3445,2.0029,-0.1464,0.5547,1.5574,60.0
LSTM-01-stack,LSTM,por_ticker,MSFT,B,61,,,3,0.3446,0.2532,0.3333,0.3263,0.1143,0.5426,0.322,0.2182,0.3936,8.5,55.9,35.6,-0.0723,-0.3546,-0.5013,-0.1961,0.3735,0.8613,60.0
LSTM-01-stack,LSTM,por_ticker,GOOGL,B,61,,,3,0.31,0.1944,0.3262,0.3247,0.1867,0.6154,0.172,0.1794,0.4202,9.0,67.0,23.9,-0.2898,-1.2935,-2.014,-0.358,0.371,0.5425,60.0
LSTM-01-stack,LSTM,por_ticker,META,B,61,,,3,0.4006,0.274,0.375,0.2811,0.0,0.4795,0.3636,0.1818,0.367,0.5,48.9,50.5,-0.1964,-0.3354,-0.8116,-0.4363,0.4583,0.7987,60.0
LSTM-01-stack,LSTM,global,GLOBAL,B,61,,,3,0.3447,,,0.351,0.3554,0.5568,0.1407,0.2481,0.4202,34.6,56.7,8.7,2.0404,-9.4915,0.6648,-0.4009,0.5263,1.2151,60.0
LSTM-02-bi,LSTM,por_ticker,AAPL,B,61,,,3,0.3031,0.2628,0.1553,0.383,0.3063,0.5571,0.2857,0.296,0.4211,22.8,51.8,25.4,-0.1019,-0.305,-0.4217,-0.2862,0.4909,0.8883,20.0
LSTM-02-bi,LSTM,por_ticker,AMZN,B,61,,,3,0.3322,0.3158,0.2185,0.3352,0.4043,0.3855,0.2157,0.31,0.3553,54.4,33.3,12.3,0.3476,0.3682,1.133,-0.2931,0.5395,1.28,20.0
LSTM-02-bi,LSTM,por_ticker,GOOGL,B,61,,,3,0.3283,0.427,0.1136,0.3867,0.4497,0.6038,0.1067,0.2782,0.4649,43.9,51.8,4.4,0.0421,-0.5237,0.1805,-0.2231,0.5182,1.0436,20.0
LSTM-02-bi,LSTM,por_ticker,META,B,61,,,3,0.3408,0.1772,0.3034,0.3458,0.1842,0.4409,0.4124,0.2983,0.386,5.7,42.1,52.2,0.3474,0.3896,0.9251,-0.2981,0.5076,1.2629,20.0
LSTM-02-bi,LSTM,global,GLOBAL,B,61,,,3,0.3323,0.3484,0.1492,0.3617,0.3347,0.563,0.1872,0.261,0.4154,32.2,54.8,13.0,-0.2465,-3.2686,-0.1352,-0.5569,0.4945,0.9637,20.0
LSTM-02-bi,LSTM,por_ticker,MSFT,B,61,,,3,0.27,0.0769,0.381,0.3527,0.1389,0.4835,0.4356,0.2873,0.4079,4.4,36.4,59.2,0.1053,-0.0897,0.5283,-0.2196,0.4621,1.133,20.0
LSTM-02-bi,LSTM,por_ticker,NVDA,B,61,,,3,0.3036,0.2178,0.2388,0.3278,0.0988,0.6347,0.25,0.1744,0.4518,8.8,68.4,22.8,-0.2418,-0.8498,-0.8465,-0.3277,0.4444,0.7707,20.0
LSTM-02-bi,LSTM,por_ticker,TSLA,B,61,,,3,0.2337,0.5215,0.1558,0.2318,0.4247,0.1695,0.1013,0.263,0.3026,85.5,7.9,6.6,-0.0043,-0.1887,-0.0075,-0.4979,0.519,0.9987,20.0
CNN-02-bi,CNN-LSTM,por_ticker,AAPL,B,66,,,3,0.3189,0.3665,0.2459,0.3067,0.3133,0.2897,0.3172,0.3152,0.307,46.9,19.3,33.8,-0.2317,-0.4348,-0.9526,-0.357,0.5054,0.8041,20.0
CNN-02-bi,CNN-LSTM,por_ticker,NVDA,B,66,,,3,0.3128,0.1935,0.3057,0.3564,0.2245,0.6047,0.24,0.2322,0.443,16.2,62.7,21.1,-0.0969,-0.7049,-0.3014,-0.313,0.4941,0.9176,20.0
CNN-02-bi,CNN-LSTM,por_ticker,TSLA,B,66,,,3,0.3749,0.4718,0.3404,0.3199,0.2973,0.3399,0.3226,0.3099,0.3202,36.8,23.2,39.9,-0.3255,-0.5099,-0.7398,-0.5569,0.4686,0.8639,20.0
CNN-02-bi,CNN-LSTM,por_ticker,AMZN,B,66,,,3,0.3719,0.3704,0.2526,0.3463,0.4111,0.4706,0.1573,0.2842,0.386,50.9,42.5,6.6,0.2187,0.2393,0.762,-0.2823,0.5038,1.1928,20.0
CNN-02-bi,CNN-LSTM,por_ticker,MSFT,B,66,,,3,0.2767,0.0,0.4059,0.3146,0.0,0.4706,0.4732,0.2366,0.4079,0.0,31.1,68.9,-0.0425,-0.2375,-0.2262,-0.231,0.4586,0.9501,20.0
CNN-02-bi,CNN-LSTM,por_ticker,GOOGL,B,66,,,3,0.2569,0.2456,0.0,0.3305,0.3651,0.6264,0.0,0.1825,0.4649,25.0,75.0,0.0,0.0448,-0.521,0.2506,-0.1782,0.5088,1.0829,20.0
CNN-02-bi,CNN-LSTM,por_ticker,META,B,66,,,3,0.2611,0.1194,0.102,0.376,0.3168,0.5401,0.2712,0.294,0.4211,16.7,64.5,18.9,0.1175,0.1596,0.4003,-0.1529,0.5185,1.1332,20.0
CNN-02-bi,CNN-LSTM,global,GLOBAL,B,66,,,3,0.3179,,,0.3003,0.09,0.3825,0.4284,0.2592,0.3578,4.3,28.6,67.1,-0.378,-3.4001,-0.2018,-0.6732,0.4904,0.956,20.0
CNN-04-multikernel,CNN-LSTM,por_ticker,AAPL,B,66,,,3,0.3455,0.3832,0.1802,0.3199,0.2677,0.369,0.323,0.2953,0.3246,29.8,29.4,40.8,-0.2733,-0.4764,-1.1724,-0.3931,0.472,0.7508,20.0
CNN-04-multikernel,CNN-LSTM,por_ticker,NVDA,B,66,,,3,0.2138,0.1379,0.0,0.309,0.1053,0.636,0.1856,0.1454,0.4518,6.6,73.7,19.7,0.0467,-0.5613,0.1452,-0.2983,0.4167,1.0504,20.0
CNN-04-multikernel,CNN-LSTM,por_ticker,TSLA,B,66,,,3,0.2827,0.4945,0.1839,0.3565,0.4308,0.3841,0.2545,0.3427,0.3728,57.5,22.4,20.2,0.0813,-0.1031,0.1445,-0.3442,0.4915,1.0285,20.0
CNN-04-multikernel,CNN-LSTM,por_ticker,AMZN,B,66,,,3,0.4658,0.4603,0.3333,0.4094,0.3803,0.4671,0.381,0.3806,0.4123,34.2,33.8,32.0,0.0795,0.1001,0.2698,-0.2008,0.5232,1.0601,20.0
CNN-04-multikernel,CNN-LSTM,por_ticker,MSFT,B,66,,,3,0.3467,0.3423,0.1474,0.3224,0.3217,0.5135,0.1319,0.2268,0.3772,35.5,53.9,10.5,-0.0957,-0.2908,-0.566,-0.1667,0.5143,0.8524,20.0
CNN-04-multikernel,CNN-LSTM,por_ticker,GOOGL,B,66,,,3,0.294,0.3827,0.0674,0.3263,0.3741,0.6048,0.0,0.1871,0.443,30.7,67.5,1.8,-0.0639,-0.6297,-0.3311,-0.2215,0.4865,0.9092,20.0
CNN-04-multikernel,CNN-LSTM,por_ticker,META,B,66,,,3,0.2839,0.0,0.3587,0.2689,0.0,0.3613,0.4454,0.2227,0.3553,0.0,28.5,71.5,0.0106,0.0527,0.0318,-0.3683,0.4847,1.0073,20.0
CNN-04-multikernel,CNN-LSTM,global,GLOBAL,B,66,,,3,0.3048,,,0.3374,0.0589,0.5721,0.3811,0.22,0.4311,2.1,59.3,38.6,-0.229,-3.2512,-0.1252,-0.5446,0.49,0.9643,20.0
CNN-05-focal,CNN-LSTM,por_ticker,AAPL,B,66,,,3,0.3202,0.2149,0.3294,0.3342,0.2549,0.3399,0.408,0.3314,0.3509,18.9,22.8,58.3,0.1919,-0.0111,0.6371,-0.1917,0.5057,1.1598,20.0
CNN-05-focal,CNN-LSTM,por_ticker,NVDA,B,66,,,3,0.2625,0.0,0.4519,0.3195,0.0,0.5792,0.3793,0.1897,0.4254,0.0,46.5,53.5,-0.1851,-0.7931,-0.566,-0.3852,0.4754,0.8746,20.0
CNN-05-focal,CNN-LSTM,por_ticker,TSLA,B,66,,,3,0.2843,0.487,0.366,0.2384,0.3776,0.0,0.3375,0.3575,0.2807,57.9,0.0,42.1,-0.0122,-0.1966,-0.0213,-0.6047,0.4868,0.9964,20.0
CNN-05-focal,CNN-LSTM,por_ticker,AMZN,B,66,,,3,0.3929,0.3636,0.403,0.331,0.4082,0.3586,0.2261,0.3171,0.3465,57.9,24.1,18.0,0.0529,0.0735,0.1787,-0.2946,0.4971,1.0372,20.0
CNN-05-focal,CNN-LSTM,por_ticker,MSFT,B,66,,,3,0.2008,0.1463,0.4561,0.231,0.1127,0.1111,0.4693,0.291,0.3289,3.9,3.9,92.1,-0.0599,-0.255,-0.2965,-0.3281,0.4749,0.9445,20.0
CNN-05-focal,CNN-LSTM,por_ticker,GOOGL,B,66,,,3,0.3412,0.455,0.2393,0.3508,0.4311,0.4457,0.1754,0.3033,0.3728,43.0,35.5,21.5,-0.1791,-0.7448,-0.8065,-0.2602,0.4626,0.842,20.0
CNN-05-focal,CNN-LSTM,por_ticker,META,B,66,,,3,0.3309,0.3438,0.3814,0.2666,0.2963,0.0943,0.4093,0.3528,0.3026,31.6,7.0,61.4,-0.0311,0.011,-0.0921,-0.1845,0.4764,0.9819,20.0
CNN-05-focal,CNN-LSTM,global,GLOBAL,B,66,,,3,0.2967,,,0.2755,0.0956,0.2869,0.4439,0.2698,0.3402,5.1,16.2,78.7,-0.5286,-3.5507,-0.3046,-0.7222,0.4824,0.9396,20.0
CNN-01-base,CNN-LSTM,por_ticker,AAPL,B,66,,,3,0.3072,0.3765,0.0851,0.332,0.2787,0.386,0.3313,0.305,0.3377,27.6,30.7,41.7,-0.2344,-0.4374,-0.9824,-0.3767,0.481,0.7853,20.0
CNN-01-base,CNN-LSTM,por_ticker,NVDA,B,66,,,3,0.2371,0.0,0.4237,0.2637,0.0606,0.3743,0.3562,0.2084,0.3202,2.2,24.6,73.2,-0.0222,-0.6302,-0.0588,-0.4025,0.4651,0.988,20.0
CNN-01-base,CNN-LSTM,por_ticker,TSLA,B,66,,,3,0.3429,0.4585,0.1835,0.3783,0.3846,0.4535,0.2969,0.3407,0.386,40.4,31.6,28.1,-0.017,-0.2014,-0.0326,-0.3614,0.5,0.9932,20.0
CNN-01-base,CNN-LSTM,por_ticker,AMZN,B,66,,,3,0.3682,0.1758,0.3562,0.4093,0.2326,0.5953,0.4,0.3163,0.4605,9.6,54.8,35.5,-0.0668,-0.0462,-0.2548,-0.3842,0.5049,0.9372,20.0
CNN-01-base,CNN-LSTM,por_ticker,MSFT,B,66,,,3,0.3202,0.2391,0.3487,0.3839,0.1978,0.4972,0.4565,0.3272,0.4211,12.7,36.0,51.3,0.0777,-0.1174,0.3974,-0.1991,0.4863,1.0985,20.0
CNN-01-base,CNN-LSTM,por_ticker,GOOGL,B,66,,,3,0.2368,0.0,0.4684,0.3041,0.0,0.4809,0.4314,0.2157,0.386,0.0,39.0,61.0,-0.1408,-0.7066,-0.6023,-0.3823,0.4676,0.8744,20.0
CNN-01-base,CNN-LSTM,por_ticker,META,B,66,,,3,0.2839,0.0,0.3291,0.278,0.0,0.4646,0.3692,0.1846,0.3596,0.0,47.4,52.6,-0.1211,-0.0789,-0.4339,-0.3458,0.4417,0.893,20.0
CNN-01-base,CNN-LSTM,global,GLOBAL,B,66,,,3,0.3392,,,0.378,0.2533,0.5004,0.3805,0.3169,0.4041,15.4,42.0,42.7,0.2265,-2.7956,0.0905,-0.457,0.5043,1.0226,20.0
CNN-06-deeper,CNN-LSTM,por_ticker,AAPL,B,66,,,3,0.28,0.2857,0.0,0.3641,0.3393,0.5678,0.1852,0.2622,0.4211,23.2,59.2,17.5,0.066,-0.1371,0.247,-0.2299,0.5054,1.0788,20.0
CNN-06-deeper,CNN-LSTM,por_ticker,NVDA,B,66,,,3,0.1774,0.0,0.4453,0.1479,0.0,0.0794,0.3643,0.1822,0.2368,0.0,4.8,95.2,-0.3484,-0.9564,-1.0669,-0.5228,0.4562,0.8241,20.0
CNN-06-deeper,CNN-LSTM,por_ticker,TSLA,B,66,,,3,0.2983,0.3824,0.3145,0.4018,0.3497,0.4183,0.4375,0.3936,0.4035,34.6,23.2,42.1,1.4029,1.2185,1.6319,-0.23,0.52,1.3754,20.0
CNN-06-deeper,CNN-LSTM,por_ticker,AMZN,B,66,,,3,0.3949,0.3731,0.2472,0.3509,0.3648,0.4898,0.198,0.2814,0.3816,41.7,46.5,11.8,0.0579,0.0785,0.222,-0.2617,0.4918,1.055,20.0
CNN-06-deeper,CNN-LSTM,por_ticker,MSFT,B,66,,,3,0.2738,0.1684,0.1176,0.3138,0.3438,0.5977,0.0,0.1719,0.4386,28.9,71.1,0.0,0.1342,-0.0608,0.7543,-0.148,0.5606,1.2998,20.0
CNN-06-deeper,CNN-LSTM,por_ticker,GOOGL,B,66,,,3,0.2828,0.3088,0.0706,0.3131,0.3279,0.5425,0.069,0.1984,0.3947,23.2,67.1,9.6,-0.0797,-0.6455,-0.4339,-0.1668,0.4933,0.8769,20.0
CNN-06-deeper,CNN-LSTM,por_ticker,META,B,66,,,3,0.2521,0.0,0.2276,0.2835,0.0,0.4593,0.3913,0.1957,0.3684,0.0,52.2,47.8,-0.0161,0.0261,-0.0596,-0.2883,0.5138,0.984,20.0
CNN-06-deeper,CNN-LSTM,global,GLOBAL,B,66,,,3,0.271,,,0.3286,0.0,0.5956,0.3904,0.1952,0.4436,0.0,61.4,38.6,-0.4775,-3.4996,-0.3207,-0.6188,0.4789,0.9097,20.0
CNN-01-base,CNN-LSTM,por_ticker,AAPL,A,66,,,3,0.4034,0.3014,0.3656,0.3369,0.1667,0.5418,0.3022,0.2344,0.4021,9.0,62.9,28.1,0.2663,-0.2286,0.647,-0.1334,0.4888,1.2231,20.0
CNN-01-base,CNN-LSTM,por_ticker,NVDA,A,66,,,3,0.3007,0.2895,0.0,0.2783,0.0395,0.5615,0.2338,0.1366,0.4,1.9,79.2,19.0,-0.2547,-2.3045,-0.5654,-0.4066,0.44,0.8085,20.0
CNN-01-base,CNN-LSTM,por_ticker,TSLA,A,66,,,3,0.3235,0.4233,0.0745,0.3522,0.3537,0.519,0.1838,0.2687,0.3979,36.9,53.8,9.4,0.0439,-1.3824,0.0477,-0.2816,0.509,1.012,20.0
CNN-01-base,CNN-LSTM,por_ticker,AMZN,A,66,,,3,0.3104,0.3693,0.3898,0.333,0.1889,0.3901,0.4201,0.3045,0.3667,7.7,27.1,65.2,-0.0639,-0.5622,-0.1206,-0.2471,0.4971,0.9754,20.0
CNN-01-base,CNN-LSTM,por_ticker,MSFT,A,66,,,3,0.2244,0.0613,0.4396,0.2464,0.0,0.2764,0.4629,0.2315,0.3458,0.0,15.6,84.4,-0.1343,-0.3787,-0.3546,-0.286,0.4691,0.9325,20.0
CNN-01-base,CNN-LSTM,por_ticker,GOOGL,A,66,,,3,0.3397,0.4211,0.2712,0.3395,0.2892,0.4385,0.2908,0.29,0.3479,20.8,39.0,40.2,-0.4452,-1.7023,-1.2262,-0.4603,0.4403,0.7622,20.0
CNN-01-base,CNN-LSTM,por_ticker,META,A,66,,,3,0.2536,0.3525,0.3445,0.2107,0.0286,0.1345,0.469,0.2488,0.3271,1.5,5.8,92.7,-0.3904,-1.1093,-0.7068,-0.4903,0.4735,0.87,20.0
CNN-01-base,CNN-LSTM,global,GLOBAL,A,66,,,3,0.3172,,,0.3092,0.3167,0.5655,0.0454,0.1811,0.4158,22.5,74.9,2.7,-0.0865,-79.1027,-0.0259,-0.5184,0.5302,0.9903,20.0
